Company Name;Model ;Weight;RAM;Front Camera;Back Camera;Processor;Battery Capacity;Screen Size;Launched Price (USA);Launched Price (Dubai);Launched Year
Apple;iPhone 16 128GB;174;6;12MP;48MP;A17 Bionic;3,6;6.1 inches;799;2,799;2024
Apple;iPhone 16 256GB;174;6;12MP;48MP;A17 Bionic;3,6;6.1 inches;849;2,999;2024
Apple;iPhone 16 512GB;174;6;12MP;48MP;A17 Bionic;3,6;6.1 inches;899;3,199;2024
Apple;iPhone 16 Plus 128GB;203;6;12MP;48MP;A17 Bionic;4,2;6.7 inches;899;3,199;2024
Apple;iPhone 16 Plus 256GB;203;6;12MP;48MP;A17 Bionic;4,2;6.7 inches;949;3,399;2024
Apple;iPhone 16 Plus 512GB;203;6;12MP;48MP;A17 Bionic;4,2;6.7 inches;999;3,599;2024
Apple;iPhone 16 Pro 128GB;206;6;12MP / 4K;50MP + 12MP;A17 Pro;4,4;6.1 inches;999;3,499;2024
Apple;iPhone 16 Pro 256GB;206;8;12MP / 4K;50MP + 12MP;A17 Pro;4,4;6.1 inches;1,049;3,699;2024
Apple;iPhone 16 Pro 512GB;206;8;12MP / 4K;50MP + 12MP;A17 Pro;4,4;6.1 inches;1,099;3,899;2024
Apple;iPhone 16 Pro Max 128GB;221;6;12MP / 4K;48MP + 12MP;A17 Pro;4,5;6.7 inches;1,099;3,799;2024
Apple;iPhone 16 Pro Max 256GB;221;8;12MP / 4K;48MP + 12MP;A17 Pro;4,5;6.7 inches;1,199;3,999;2024
Apple;iPhone 16 Pro Max 512GB;221;8;12MP / 4K;48MP + 12MP;A17 Pro;4,5;6.7 inches;1,299;4,199;2024
Apple;iPhone 15 128GB;171;6;12MP;48MP;A16 Bionic;3,2;6.1 inches;799;2,699;2023
Apple;iPhone 15 256GB;171;6;12MP;48MP;A16 Bionic;3,2;6.1 inches;849;2,999;2023
Apple;iPhone 15 512GB;171;6;12MP;48MP;A16 Bionic;3,2;6.1 inches;949;3,199;2023
Apple;iPhone 15 Plus 128GB;203;6;12MP;48MP;A16 Bionic;4,3;6.7 inches;899;3,199;2023
Apple;iPhone 15 Plus 256GB;203;6;12MP;48MP;A16 Bionic;4,3;6.7 inches;999;3,399;2023
Apple;iPhone 15 Plus 512GB;203;6;12MP;48MP;A16 Bionic;4,3;6.7 inches;1,049;3,599;2023
Apple;iPhone 15 Pro 128GB;206;6;12MP / 4K;48MP + 12MP;A16 Bionic;4,4;6.1 inches;1,099;3,599;2023
Apple;iPhone 15 Pro 256GB;206;8;12MP / 4K;48MP + 12MP;A16 Bionic;4,4;6.1 inches;1,199;3,799;2023
Apple;iPhone 15 Pro 512GB;206;8;12MP / 4K;48MP + 12MP;A16 Bionic;4,4;6.1 inches;1,299;4,199;2023
Apple;iPhone 15 Pro Max 128GB;221;6;12MP / 4K;48MP + 12MP;A16 Bionic;4,5;6.7 inches;1,199;3,899;2023
Apple;iPhone 15 Pro Max 256GB;221;8;12MP / 4K;48MP + 12MP;A16 Bionic;4,5;6.7 inches;1,299;4,199;2023
Apple;iPhone 15 Pro Max 512GB;221;8;12MP / 4K;48MP + 12MP;A16 Bionic;4,5;6.7 inches;1,399;4,399;2023
Apple;iPhone 14 128GB;172;6;12MP;12MP + 12MP;A15 Bionic;3,2;6.1 inches;799;2,699;2022
Apple;iPhone 14 256GB;172;6;12MP;12MP + 12MP;A15 Bionic;3,2;6.1 inches;849;2,999;2022
Apple;iPhone 14 512GB;172;6;12MP;12MP + 12MP;A15 Bionic;3,2;6.1 inches;949;3,199;2022
Apple;iPhone 14 Plus 128GB;203;6;12MP;12MP + 12MP;A15 Bionic;4,325;6.7 inches;899;3,199;2022
Apple;iPhone 14 Plus 256GB;203;6;12MP;12MP + 12MP;A15 Bionic;4,325;6.7 inches;999;3,399;2022
Apple;iPhone 14 Plus 512GB;203;6;12MP;12MP + 12MP;A15 Bionic;4,325;6.7 inches;1,049;3,599;2022
Apple;iPhone 14 Pro 128GB;206;6;12MP / 4K;48MP + 12MP;A16 Bionic;4,2;6.1 inches;1,099;3,699;2022
Apple;iPhone 14 Pro 256GB;206;8;12MP / 4K;48MP + 12MP;A16 Bionic;4,2;6.1 inches;1,199;3,899;2022
Apple;iPhone 14 Pro 512GB;206;8;12MP / 4K;48MP + 12MP;A16 Bionic;4,2;6.1 inches;1,299;4,199;2022
Apple;iPhone 14 Pro Max 128GB;221;6;12MP / 4K;48MP + 12MP;A16 Bionic;4,5;6.7 inches;1,199;3,999;2022
Apple;iPhone 14 Pro Max 256GB;221;8;12MP / 4K;48MP + 12MP;A16 Bionic;4,5;6.7 inches;1,299;4,199;2022
Apple;iPhone 14 Pro Max 512GB;221;8;12MP / 4K;48MP + 12MP;A16 Bionic;4,5;6.7 inches;1,399;4,499;2022
Apple;iPhone 13 mini 128GB;140;4;12MP;12MP;A15 Bionic;2,438;5.4 inches;699;2,599;2021
Apple;iPhone 13 mini 256GB;140;4;12MP;12MP;A15 Bionic;2,438;5.4 inches;799;2,999;2021
Apple;iPhone 13 mini 512GB;140;4;12MP;12MP;A15 Bionic;2,438;5.4 inches;899;3,299;2021
Apple;iPhone 13 128GB;174;4;12MP;12MP + 12MP;A15 Bionic;3,24;6.1 inches;799;2,999;2021
Apple;iPhone 13 256GB;174;4;12MP;12MP + 12MP;A15 Bionic;3,24;6.1 inches;899;3,199;2021
Apple;iPhone 13 512GB;174;4;12MP;12MP + 12MP;A15 Bionic;3,24;6.1 inches;999;3,599;2021
Apple;iPhone 13 Pro 128GB;204;6;12MP / 4K;12MP + 12MP + 12MP;A15 Bionic;3,095;6.1 inches;999;3,999;2021
Apple;iPhone 13 Pro 256GB;204;6;12MP / 4K;12MP + 12MP + 12MP;A15 Bionic;3,095;6.1 inches;1,099;4,199;2021
Apple;iPhone 13 Pro 512GB;204;6;12MP / 4K;12MP + 12MP + 12MP;A15 Bionic;3,095;6.1 inches;1,199;4,399;2021
Apple;iPhone 13 Pro Max 128GB;238;6;12MP / 4K;12MP + 12MP + 12MP;A15 Bionic;4,352;6.7 inches;1,099;4,199;2021
Apple;iPhone 13 Pro Max 256GB;238;6;12MP / 4K;12MP + 12MP + 12MP;A15 Bionic;4,352;6.7 inches;1,199;4,399;2021
Apple;iPhone 13 Pro Max 512GB;238;6;12MP / 4K;12MP + 12MP + 12MP;A15 Bionic;4,352;6.7 inches;1,399;4,599;2021
Apple;iPhone 12 mini 64GB;135;4;12MP;12MP;A14 Bionic;2,227;5.4 inches;699;2,599;2020
Apple;iPhone 12 mini 128GB;135;4;12MP;12MP;A14 Bionic;2,227;5.4 inches;799;2,999;2020
Apple;iPhone 12 mini 256GB;135;4;12MP;12MP;A14 Bionic;2,227;5.4 inches;899;3,299;2020
Apple;iPhone 12 64GB;164;4;12MP;12MP + 12MP;A14 Bionic;2,815;6.1 inches;799;2,999;2020
Apple;iPhone 12 128GB;164;4;12MP;12MP + 12MP;A14 Bionic;2,815;6.1 inches;899;3,199;2020
Apple;iPhone 12 256GB;164;4;12MP;12MP + 12MP;A14 Bionic;2,815;6.1 inches;999;3,599;2020
Apple;iPhone 12 Pro 128GB;189;6;12MP / 4K;12MP + 12MP + 12MP;A14 Bionic;2,815;6.1 inches;999;3,999;2020
Apple;iPhone 12 Pro 256GB;189;6;12MP / 4K;12MP + 12MP + 12MP;A14 Bionic;2,815;6.1 inches;1,099;4,199;2020
Apple;iPhone 12 Pro 512GB;189;6;12MP / 4K;12MP + 12MP + 12MP;A14 Bionic;2,815;6.1 inches;1,199;4,399;2020
Apple;iPhone 12 Pro Max 128GB;228;6;12MP / 4K;12MP + 12MP + 12MP;A14 Bionic;3,687;6.7 inches;1,099;4,199;2020
Apple;iPhone 12 Pro Max 256GB;228;6;12MP / 4K;12MP + 12MP + 12MP;A14 Bionic;3,687;6.7 inches;1,199;4,399;2020
Apple;iPhone 12 Pro Max 512GB;228;6;12MP / 4K;12MP + 12MP + 12MP;A14 Bionic;3,687;6.7 inches;1,399;4,599;2020
Apple;iPhone 11 64GB;194;4;12MP;12MP + 12MP;A13 Bionic;3,11;6.1 inches;699;2,499;2019
Apple;iPhone 11 128GB;194;4;12MP;12MP + 12MP;A13 Bionic;3,11;6.1 inches;799;2,999;2019
Apple;iPhone 11 256GB;194;4;12MP;12MP + 12MP;A13 Bionic;3,11;6.1 inches;899;3,299;2019
Apple;iPhone 11 Pro 64GB;188;4;12MP / 4K;12MP + 12MP + 12MP;A13 Bionic;3,046;5.8 inches;999;3,799;2019
Apple;iPhone 11 Pro 256GB;188;4;12MP / 4K;12MP + 12MP + 12MP;A13 Bionic;3,046;5.8 inches;1,099;4,199;2019
Apple;iPhone 11 Pro 512GB;188;4;12MP / 4K;12MP + 12MP + 12MP;A13 Bionic;3,046;5.8 inches;1,199;4,599;2019
Apple;iPhone 11 Pro Max 64GB;226;4;12MP / 4K;12MP + 12MP + 12MP;A13 Bionic;3,969;6.5 inches;1,099;4,399;2019
Apple;iPhone 11 Pro Max 256GB;226;4;12MP / 4K;12MP + 12MP + 12MP;A13 Bionic;3,969;6.5 inches;1,199;4,599;2019
Apple;iPhone 11 Pro Max 512GB;226;4;12MP / 4K;12MP + 12MP + 12MP;A13 Bionic;3,969;6.5 inches;1,399;4,999;2019
Apple;iPhone X 64GB;174;3;7MP;12MP + 12MP;A11 Bionic;2,716;5.8 inches;999;3,799;2017
Apple;iPhone X 256GB;174;3;7MP;12MP + 12MP;A11 Bionic;2,716;5.8 inches;1,099;4,199;2017
Apple;iPhone XS 64GB;177;4;7MP;12MP + 12MP;A12 Bionic;2,658;5.8 inches;999;3,899;2018
Apple;iPhone XS 256GB;177;4;7MP;12MP + 12MP;A12 Bionic;2,658;5.8 inches;1,099;4,299;2018
Apple;iPhone XS 512GB;177;4;7MP;12MP + 12MP;A12 Bionic;2,658;5.8 inches;1,299;4,799;2018
Apple;iPhone XS Max 64GB;208;4;7MP;12MP + 12MP;A12 Bionic;3,174;6.5 inches;1,099;4,399;2018
Apple;iPhone XS Max 256GB;208;4;7MP;12MP + 12MP;A12 Bionic;3,174;6.5 inches;1,249;4,799;2018
Apple;iPhone XS Max 512GB;208;4;7MP;12MP + 12MP;A12 Bionic;3,174;6.5 inches;1,399;5,099;2018
Apple;iPhone XR 64GB;194;3;7MP;12MP + 12MP;A12 Bionic;2,942;6.1 inches;749;2,699;2018
Apple;iPhone XR 128GB;194;3;7MP;12MP + 12MP;A12 Bionic;2,942;6.1 inches;799;3,099;2018
Apple;iPhone XR 256GB;194;3;7MP;12MP + 12MP;A12 Bionic;2,942;6.1 inches;899;3,399;2018
Apple;iPad Air 10.9-inch 64GB;458;4;12MP;12MP;A14 Bionic;7,608;10.9 inches;599;2,099;2020
Apple;iPad Air 10.9-inch 256GB;458;4;12MP;12MP;A14 Bionic;7,608;10.9 inches;749;2,499;2020
Apple;iPad 10.2-inch 32GB;490;3;12MP;8MP;A13 Bionic;8,612;10.2 inches;329;1,199;2020
Apple;iPad 10.2-inch 128GB;490;3;12MP;8MP;A13 Bionic;8,612;10.2 inches;429;1,499;2020
Apple;iPad Pro 11-inch 128GB;468;4;7MP;12MP + 10MP;A12Z Bionic;7,812;11 inches;799;2,799;2020
Apple;iPad Pro 11-inch 256GB;468;4;7MP;12MP + 10MP;A12Z Bionic;7,812;11 inches;899;3,199;2020
Apple;iPad Pro 11-inch 512GB;468;6;7MP;12MP + 10MP;A12Z Bionic;7,812;11 inches;1,099;3,699;2020
Apple;iPad Pro 12.9-inch 128GB;682;6;7MP;12MP + 10MP;A12Z Bionic;9,72;12.9 inches;999;3,799;2020
Apple;iPad Pro 12.9-inch 256GB;682;6;7MP;12MP + 10MP;A12Z Bionic;9,72;12.9 inches;1,099;4,199;2020
Apple;iPad Pro 12.9-inch 512GB;682;6;7MP;12MP + 10MP;A12Z Bionic;9,72;12.9 inches;1,299;4,599;2020
Apple;iPad Pro 13-inch 128GB;708;6;7MP;12MP + 10MP;A12Z Bionic;10,307;13 inches;1,099;4,499;2020
Apple;iPad Pro 13-inch 256GB;708;6;7MP;12MP + 10MP;A12Z Bionic;10,307;13 inches;1,199;4,799;2020
Apple;iPad Pro 13-inch 512GB;708;6;7MP;12MP + 10MP;A12Z Bionic;10,307;13 inches;1,399;5,299;2020
Apple;iPad Pro 13-inch 1TB;708;6;7MP;12MP + 10MP;A12Z Bionic;10,307;13 inches;1,599;5,799;2020
Apple;iPad Pro 13-inch 2TB;708;6;7MP;12MP + 10MP;A12Z Bionic;10,307;13 inches;1,799;6,099;2020
Samsung;Galaxy S24 Ultra 128GB;234;12;12MP;200MP + 12MP;Exynos 2400;5000;6.8 inches;1,199;4,899;2024
Samsung;Galaxy S24 Ultra 256GB;234;12;12MP;200MP + 12MP;Exynos 2400;5000;6.8 inches;1,299;5,099;2024
Samsung;Galaxy S24+ 128GB;196;8;12MP;50MP + 12MP;Exynos 2400;4800;6.6 inches;899;3,599;2024
Samsung;Galaxy S24+ 256GB;196;8;12MP;50MP + 12MP;Exynos 2400;4800;6.6 inches;999;3,799;2024
Samsung;Galaxy S24 128GB;168;8;12MP;50MP + 12MP;Exynos 2400;4000;6.1 inches;799;3,299;2024
Samsung;Galaxy S24 256GB;168;8;12MP;50MP + 12MP;Exynos 2400;4000;6.1 inches;899;3,499;2024
Samsung;Galaxy S23 Ultra 128GB;228;12;12MP;200MP + 12MP;Snapdragon 8 Gen 2;5000;6.8 inches;1,199;4,599;2023
Samsung;Galaxy S23 Ultra 256GB;228;12;12MP;200MP + 12MP;Snapdragon 8 Gen 2;5000;6.8 inches;1,299;4,899;2023
Samsung;Galaxy S23+ 128GB;196;8;12MP;50MP + 12MP;Snapdragon 8 Gen 2;4700;6.6 inches;899;3,399;2023
Samsung;Galaxy S23+ 256GB;196;8;12MP;50MP + 12MP;Snapdragon 8 Gen 2;4700;6.6 inches;999;3,599;2023
Samsung;Galaxy S23 128GB;168;8;12MP;50MP + 12MP;Snapdragon 8 Gen 2;3900;6.1 inches;799;3,099;2023
Samsung;Galaxy S23 256GB;168;8;12MP;50MP + 12MP;Snapdragon 8 Gen 2;3900;6.1 inches;899;3,299;2023
Samsung;Galaxy S22 Ultra 128GB;228;12;10MP;108MP + 12MP;Exynos 2200;5000;6.8 inches;1,099;4,499;2022
Samsung;Galaxy S22 Ultra 256GB;228;12;10MP;108MP + 12MP;Exynos 2200;5000;6.8 inches;1,199;4,799;2022
Samsung;Galaxy S22+ 128GB;195;8;10MP;50MP + 12MP;Exynos 2200;4500;6.6 inches;799;3,299;2022
Samsung;Galaxy S22+ 256GB;195;8;10MP;50MP + 12MP;Exynos 2200;4500;6.6 inches;899;3,599;2022
Samsung;Galaxy S22 128GB;167;8;10MP;50MP + 12MP;Exynos 2200;3800;6.1 inches;699;2,999;2022
Samsung;Galaxy S22 256GB;167;8;10MP;50MP + 12MP;Exynos 2200;3800;6.1 inches;799;3,199;2022
Samsung;Galaxy Z Fold 5 256GB;254;12;10MP;50MP + 12MP;Snapdragon 8 Gen 2;4400;7.6 inches;1,799;6,999;2023
Samsung;Galaxy Z Fold 5 512GB;254;12;10MP;50MP + 12MP;Snapdragon 8 Gen 2;4400;7.6 inches;1,899;7,499;2023
Samsung;Galaxy Z Flip 5 256GB;187;8;12MP;12MP + 12MP;Snapdragon 8 Gen 2;3700;6.7 inches;999;4,099;2023
Samsung;Galaxy Z Flip 5 512GB;187;8;12MP;12MP + 12MP;Snapdragon 8 Gen 2;3700;6.7 inches;1,099;4,399;2023
Samsung;Galaxy Z Fold 4 256GB;263;12;10MP;50MP + 12MP;Snapdragon 8 Gen 1;4400;7.6 inches;1,799;6,499;2022
Samsung;Galaxy Z Fold 4 512GB;263;12;10MP;50MP + 12MP;Snapdragon 8 Gen 1;4400;7.6 inches;1,899;7,099;2022
Samsung;Galaxy Z Flip 4 256GB;187;8;10MP;12MP + 12MP;Snapdragon 8 Gen 1;3700;6.7 inches;999;3,799;2022
Samsung;Galaxy Z Flip 4 512GB;187;8;10MP;12MP + 12MP;Snapdragon 8 Gen 1;3700;6.7 inches;1,099;4,099;2022
Samsung;Galaxy A54 128GB;189;6;32MP;50MP + 12MP;Exynos 1380;5000;6.4 inches;399;1,399;2023
Samsung;Galaxy A54 256GB;189;6;32MP;50MP + 12MP;Exynos 1380;5000;6.4 inches;449;1,499;2023
Samsung;Galaxy A34 128GB;199;6;13MP;48MP + 8MP;MediaTek Dimensity 1080;5000;6.6 inches;349;1,299;2023
Samsung;Galaxy A34 256GB;199;6;13MP;48MP + 8MP;MediaTek Dimensity 1080;5000;6.6 inches;399;1,399;2023
Samsung;Galaxy A24 128GB;195;6;13MP;50MP + 5MP;MediaTek Helio G99;5000;6.5 inches;299;1,199;2023
Samsung;Galaxy A24 256GB;195;6;13MP;50MP + 5MP;MediaTek Helio G99;5000;6.5 inches;349;1,299;2023
Samsung;Galaxy A14 128GB;190;4;13MP;50MP + 2MP;Exynos 850;5000;6.6 inches;249;1,099;2023
Samsung;Galaxy A14 256GB;190;4;13MP;50MP + 2MP;Exynos 850;5000;6.6 inches;299;1,199;2023
Samsung;Galaxy A04 64GB;188;4;5MP;50MP + 2MP;Exynos 850;5000;6.5 inches;199;899;2022
Samsung;Galaxy A04 128GB;188;4;5MP;50MP + 2MP;Exynos 850;5000;6.5 inches;249;999;2022
Samsung;Galaxy M54 128GB;202;8;32MP;108MP + 8MP;Exynos 1380;6000;6.7 inches;349;1,299;2023
Samsung;Galaxy M54 256GB;202;8;32MP;108MP + 8MP;Exynos 1380;6000;6.7 inches;399;1,399;2023
Samsung;Galaxy M34 128GB;199;6;13MP;50MP + 8MP;Exynos 1280;6000;6.5 inches;299;1,099;2023
Samsung;Galaxy M34 256GB;199;6;13MP;50MP + 8MP;Exynos 1280;6000;6.5 inches;349;1,199;2023
Samsung;Galaxy M14 128GB;202;4;13MP;50MP + 2MP;Exynos 850;6000;6.6 inches;249;999;2023
Samsung;Galaxy M14 256GB;202;4;13MP;50MP + 2MP;Exynos 850;6000;6.6 inches;299;1,099;2023
Samsung;Galaxy M04 64GB;188;4;5MP;13MP + 2MP;MediaTek Helio P35;5000;6.5 inches;199;899;2022
Samsung;Galaxy M04 128GB;188;4;5MP;13MP + 2MP;MediaTek Helio P35;5000;6.5 inches;249;999;2022
Samsung;Galaxy F54 128GB;199;8;32MP;108MP + 8MP;Exynos 1380;6000;6.7 inches;349;1,299;2023
Samsung;Galaxy F54 256GB;199;8;32MP;108MP + 8MP;Exynos 1380;6000;6.7 inches;399;1,399;2023
Samsung;Galaxy F34 128GB;190;6;13MP;50MP + 8MP;Exynos 1280;6000;6.5 inches;299;1,099;2023
Samsung;Galaxy F34 256GB;190;6;13MP;50MP + 8MP;Exynos 1280;6000;6.5 inches;349;1,199;2023
Samsung;Galaxy F14 128GB;198;4;13MP;50MP + 2MP;Exynos 850;6000;6.6 inches;249;999;2023
Samsung;Galaxy F14 256GB;198;4;13MP;50MP + 2MP;Exynos 850;6000;6.6 inches;299;1,099;2023
Samsung;Galaxy Note 20 Ultra 128GB;208;12;10MP;108MP + 12MP;Exynos 990;4500;6.9 inches;1,299;4,499;2020
Samsung;Galaxy Note 20 Ultra 256GB;208;12;10MP;108MP + 12MP;Exynos 990;4500;6.9 inches;1,399;4,999;2020
Samsung;Galaxy Note 20 128GB;192;8;10MP;108MP + 12MP;Exynos 990;4300;6.7 inches;999;3,999;2020
Samsung;Galaxy Note 20 256GB;192;8;10MP;108MP + 12MP;Exynos 990;4300;6.7 inches;1,099;4,199;2020
Samsung;Galaxy Note 10+ 256GB;196;12;10MP;12MP + 16MP;Exynos 9825;4300;6.8 inches;1,099;3,899;2019
Samsung;Galaxy Note 10+ 512GB;196;12;10MP;12MP + 16MP;Exynos 9825;4300;6.8 inches;1,199;4,199;2019
Samsung;Galaxy Note 10 256GB;168;8;10MP;12MP + 16MP;Exynos 9825;3500;6.3 inches;949;3,699;2019
Samsung;Galaxy Note 10 128GB;168;8;10MP;12MP + 16MP;Exynos 9825;3500;6.3 inches;899;3,399;2019
Samsung;Galaxy Xcover 6 Pro 128GB;235;6;13MP;50MP;Exynos 1380;4050;6.6 inches;499;1,699;2022
Samsung;Galaxy Xcover 5 64GB;172;4;5MP;16MP;Exynos 850;3000;5.3 inches;249;899;2020
Samsung;Galaxy J8 64GB;191;4;16MP;16MP + 5MP;Snapdragon 450;3500;6.0 inches;199;799;2018
Samsung;Galaxy J7 Pro 64GB;181;3;13MP;13MP;Exynos 7870;3600;5.5 inches;179;699;2017
Samsung;Galaxy J6+ 64GB;178;4;8MP;13MP + 5MP;Snapdragon 425;3300;6.0 inches;169;699;2018
Samsung;Galaxy J4 16GB;175;2;5MP;13MP;Exynos 7570;3000;5.5 inches;129;499;2018
Samsung;Galaxy C9 Pro 64GB;189;6;16MP;16MP + 8MP;Snapdragon 653;4000;6.0 inches;399;1,299;2016
Samsung;Galaxy C7 Pro 64GB;165;4;16MP;16MP;Snapdragon 625;3300;5.7 inches;299;999;2017
Samsung;Galaxy C5 32GB;143;4;8MP;16MP;Snapdragon 617;2600;5.2 inches;249;799;2016
Samsung;Galaxy W22 5G 256GB;228;12;10MP;108MP + 12MP;Snapdragon 888;4500;7.6 inches;1,499;5,499;2021
Samsung;Galaxy W21 5G 256GB;229;12;10MP;108MP + 12MP;Snapdragon 888;4500;7.6 inches;1,399;4,999;2020
Samsung;Galaxy Tab S9 Ultra 256GB;732;12;12MP + 12MP;13MP + 8MP;Snapdragon 8 Gen 2;11200;14.6 inches;1,199;4,499;2023
Samsung;Galaxy Tab S9+ 256GB;586;12;12MP;13MP + 8MP;Snapdragon 8 Gen 2;10090;12.4 inches;999;3,999;2023
Samsung;Galaxy Tab S9 128GB;498;8;12MP;13MP;Snapdragon 8 Gen 2;8400;11 inches;799;3,299;2023
Samsung;Galaxy Tab S9 FE 128GB;523;6;12MP;8MP;Exynos 1380;8000;10.9 inches;549;1,999;2023
Samsung;Galaxy Tab S8 Ultra 256GB;726;12;12MP + 12MP;13MP + 6MP;Snapdragon 8 Gen 1;11200;14.6 inches;1,099;4,299;2022
Samsung;Galaxy Tab S8+ 256GB;567;8;12MP;13MP + 6MP;Snapdragon 8 Gen 1;10090;12.4 inches;899;3,699;2022
Samsung;Galaxy Tab S8 128GB;503;8;12MP;13MP + 6MP;Snapdragon 8 Gen 1;8000;11 inches;699;2,999;2022
Samsung;Galaxy Tab A9+ 128GB;480;8;5MP;8MP;Snapdragon 695;7040;11 inches;229;899;2023
Samsung;Galaxy Tab A9 64GB;366;4;2MP;8MP;MediaTek Helio G99;5100;8.7 inches;179;699;2023
Samsung;Galaxy Tab A8 64GB;508;4;5MP;8MP;Unisoc T618;7040;10.5 inches;199;799;2022
Samsung;Galaxy Tab A7 Lite 32GB;366;3;2MP;8MP;MediaTek Helio P22T;5100;8.7 inches;149;599;2021
Samsung;Galaxy Tab Active 5 128GB;433;6;5MP;13MP;Exynos 1380;5050;8 inches;549;2,199;2024
Samsung;Galaxy Tab Active 4 Pro 128GB;674;6;8MP;13MP;Snapdragon 778G;7600;10.1 inches;649;2,599;2022
Samsung;Galaxy Tab Active 3 64GB;426;4;5MP;13MP;Exynos 9810;5050;8 inches;499;1,899;2020
Samsung;Galaxy Tab E 10.1 16GB;490;01.mai;2MP;5MP;Spreadtrum SC8830;5000;10.1 inches;129;499;2016
Samsung;Galaxy Tab E 8.0 16GB;360;01.mai;2MP;5MP;Qualcomm MSM8916;5000;8 inches;99;399;2016
OnePlus;OnePlus 12 256GB;205;12;32MP;50MP + 48MP;Snapdragon 8 Gen 3;5000;6.7 inches;799;3,199;2024
OnePlus;OnePlus 12R 256GB;203;12;16MP;50MP + 8MP;Snapdragon 8 Gen 2;4500;6.7 inches;699;2,599;2024
OnePlus;OnePlus 11 256GB;205;12;16MP;50MP + 48MP;Snapdragon 8 Gen 1;5000;6.7 inches;699;2,799;2023
OnePlus;OnePlus 11R 256GB;202;12;16MP;50MP + 8MP;Snapdragon 8 Gen 1;5000;6.7 inches;599;2,499;2023
OnePlus;OnePlus Nord 3 256GB;190;12;16MP;50MP + 8MP;MediaTek Dimensity 9000;5000;6.74 inches;499;1,999;2023
OnePlus;OnePlus Nord CE 3 128GB;179;8;16MP;50MP + 2MP;Snapdragon 782G;5000;6.72 inches;399;1,499;2023
OnePlus;OnePlus Nord CE 3 Lite 128GB;195;8;16MP;108MP;Snapdragon 695;5000;6.72 inches;299;1,199;2023
OnePlus;OnePlus Nord N30 5G 128GB;192;8;16MP;64MP + 2MP;MediaTek Dimensity 6020;5000;6.72 inches;249;999;2023
OnePlus;OnePlus Open 256GB;238;16;32MP;48MP + 48MP;Snapdragon 8 Gen 2;4800;7.8 inches;1,099;4,299;2024
OnePlus;OnePlus 10 Pro 256GB;200;12;32MP;50MP + 48MP;Snapdragon 8 Gen 1;5000;6.7 inches;899;3,299;2022
OnePlus;OnePlus 10T 256GB;203;12;16MP;50MP + 8MP;Snapdragon 8+ Gen 1;4500;6.7 inches;749;2,899;2022
OnePlus;OnePlus 9 Pro 256GB;192;12;16MP;48MP + 50MP;Snapdragon 888;4500;6.7 inches;699;2,799;2021
OnePlus;OnePlus 9 128GB;183;8;16MP;48MP + 50MP;Snapdragon 888;4500;6.55 inches;599;2,299;2021
OnePlus;OnePlus 11 Pro 256GB;204;16;32MP;50MP + 48MP;Snapdragon 8 Gen 2;5000;6.7 inches;899;3,599;2023
OnePlus;OnePlus Nord 2T 128GB;190;8;32MP;50MP + 8MP;MediaTek Dimensity 1300;4500;6.43 inches;399;1,699;2022
OnePlus;OnePlus Nord 2 128GB;190;8;32MP;50MP + 8MP;MediaTek Dimensity 1200-AI;4500;6.43 inches;349;1,499;2021
OnePlus;OnePlus Nord N200 64GB;189;4;16MP;13MP + 2MP;Snapdragon 480;5000;6.49 inches;199;799;2021
OnePlus;OnePlus Nord N100 64GB;185;4;8MP;13MP + 2MP;Qualcomm Snapdragon 460;5000;6.52 inches;179;699;2020
OnePlus;OnePlus 8T Cyberpunk 2077 Edition 256GB;188;12;16MP;48MP + 16MP;Snapdragon 865;4500;6.55 inches;749;2,999;2020
OnePlus;OnePlus 9T 128GB;192;8;16MP;48MP + 50MP;Snapdragon 888;4500;6.55 inches;649;2,799;2021
OnePlus;OnePlus 8T 256GB;188;12;16MP;48MP + 16MP;Snapdragon 865;4500;6.55 inches;599;2,499;2020
OnePlus;OnePlus 10T 5G 256GB;203;12;16MP;50MP + 8MP;Snapdragon 8+ Gen 1;4500;6.7 inches;749;2,899;2022
OnePlus;OnePlus 9R 5G 128GB;189;8;16MP;48MP + 5MP;Snapdragon 870;4500;6.55 inches;599;2,499;2021
OnePlus;OnePlus 8 Pro 256GB;199;12;16MP;48MP + 48MP;Snapdragon 865;4510;6.78 inches;749;2,999;2020
OnePlus;OnePlus 8 128GB;180;8;16MP;48MP + 16MP;Snapdragon 865;4300;6.55 inches;699;2,499;2020
OnePlus;OnePlus Nord CE 2 Lite 128GB;195;6;16MP;64MP + 2MP;MediaTek Dimensity 900;5000;6.59 inches;249;999;2022
OnePlus;OnePlus Nord CE 2 128GB;173;8;16MP;64MP + 8MP;MediaTek Dimensity 1200;4500;6.43 inches;299;1,299;2022
OnePlus;OnePlus Nord 1 128GB;184;6;16MP;48MP + 5MP;Snapdragon 765G;4115;6.44 inches;349;1,499;2020
OnePlus;OnePlus Nord CE 5G 128GB;170;6;16MP;64MP + 8MP;Snapdragon 750G;4500;6.43 inches;299;1,499;2021
OnePlus;OnePlus Nord 2 5G 128GB;189;8;32MP;50MP + 8MP;MediaTek Dimensity 1200-AI;4500;6.43 inches;399;1,699;2021
OnePlus;OnePlus Nord N100 5G 64GB;185;4;8MP;13MP + 2MP;Qualcomm Snapdragon 460;5000;6.52 inches;179;699;2020
OnePlus;OnePlus Nord N10 5G 128GB;190;6;16MP;64MP + 8MP;Qualcomm Snapdragon 690;4300;6.49 inches;299;1,099;2020
OnePlus;OnePlus 8R 128GB;192;8;16MP;48MP + 5MP;Snapdragon 865;4300;6.55 inches;649;2,499;2020
OnePlus;OnePlus 7R 128GB;190;6;16MP;48MP + 5MP;Snapdragon 855;3700;6.41 inches;599;2,399;2020
OnePlus;OnePlus 6T McLaren Edition 256GB;185;10;16MP;20MP + 16MP;Snapdragon 845;3700;6.41 inches;799;3,299;2018
OnePlus;OnePlus 5T Star Wars Edition 128GB;162;6;16MP;16MP + 20MP;Snapdragon 835;3300;6.01 inches;649;2,499;2017
OnePlus;OnePlus 13R 128GB;210;8;16MP;50MP + 8MP;Snapdragon 8 Gen 2;4500;6.7 inches;849;3,599;2023
OnePlus;OnePlus 11T 128GB;202;12;32MP;50MP + 48MP;Snapdragon 8 Gen 2;5000;6.7 inches;799;3,499;2023
OnePlus;OnePlus 10R 128GB;205;8;16MP;50MP + 16MP;MediaTek Dimensity 8100;4500;6.7 inches;599;2,499;2022
OnePlus;OnePlus 7 Pro 5G 256GB;206;12;16MP;48MP + 8MP;Snapdragon 855;4000;6.67 inches;799;3,299;2019
OnePlus;OnePlus 6 Special Edition 128GB;177;6;16MP;20MP + 16MP;Snapdragon 845;3300;6.28 inches;599;2,499;2018
OnePlus;OnePlus 5 Special Edition 128GB;155;8;16MP;20MP + 16MP;Snapdragon 835;3300;5.5 inches;599;2,399;2017
OnePlus;OnePlus Nord X 128GB;190;8;32MP;64MP + 8MP;Snapdragon 765G;4000;6.44 inches;299;1,299;2020
OnePlus;OnePlus 8 Pro McLaren Edition 256GB;199;12;16MP;48MP + 8MP;Snapdragon 865;4510;6.78 inches;899;3,599;2020
OnePlus;OnePlus 8T Cyberpunk Edition 256GB;188;12;16MP;48MP + 16MP;Snapdragon 865;4500;6.55 inches;799;3,299;2020
OnePlus;OnePlus 7T Pro 5G McLaren Edition 256GB;206;12;16MP;48MP + 8MP;Snapdragon 855;4085;6.67 inches;899;3,799;2019
OnePlus;OnePlus 15R 128GB;210;12;32MP;50MP + 8MP;Snapdragon 8 Gen 3;5000;6.7 inches;849;3,699;2023
OnePlus;OnePlus 14+ 128GB;202;8;16MP;64MP + 8MP;Snapdragon 8 Gen 2;4800;6.55 inches;799;3,499;2023
OnePlus;OnePlus 13 Pro 256GB;215;12;32MP;50MP + 48MP;Snapdragon 8 Gen 2;5000;6.7 inches;899;3,799;2023
OnePlus;OnePlus 12T 5G 256GB;200;12;16MP;50MP + 8MP;Snapdragon 8 Gen 2;5000;6.7 inches;849;3,599;2023
OnePlus;OnePlus Pad;550;8;8MP;13MP;MediaTek Dimensity 9000;9510;11.61 inches;499;1,799;2023
OnePlus;OnePlus Pad 2;550;8;8MP;13MP;MediaTek Dimensity 9000;9510;11.61 inches;549;1,999;2024
OnePlus;OnePlus Pad Pro;610;12;16MP;50MP;Snapdragon 8 Gen 3;11000;12.4 inches;799;2,599;2024
Vivo;X200 128GB;223;12;32MP;50MP;Dimensity 9400;6000;6.78 inches;999;3,699;2024
Vivo;X200 256GB;223;12;32MP;50MP;Dimensity 9400;6000;6.78 inches;1,099;3,999;2024
Vivo;X200 Pro 256GB;223;16;32MP;200MP;Dimensity 9400;6000;6.78 inches;1,199;4,399;2024
Vivo;X200 Pro 512GB;223;16;32MP;200MP;Dimensity 9400;6000;6.78 inches;1,299;4,699;2024
Vivo;X200 Pro Mini 256GB;187;16;32MP;50MP;Dimensity 9400;5700;6.31 inches;949;3,499;2024
Vivo;V40e 128GB;179;8;44MP;64MP;Snapdragon 778G;4100;6.44 inches;449;1,649;2024
Vivo;Y200 GT 128GB;190;12;16MP;64MP;Dimensity 1200;5000;6.58 inches;399;1,499;2024
Vivo;T3 5G 128GB;180;8;16MP;50MP;Snapdragon 870;5000;6.67 inches;349;1,299;2024
Vivo;Y100 5G 128GB;181;8;16MP;64MP;Dimensity 900;4500;6.38 inches;299;1,099;2024
Vivo;S18 Pro 256GB;189;12;32MP;108MP;Snapdragon 8 Gen 2;4700;6.56 inches;599;2,199;2024
Vivo;V30 Pro 128GB;192;12;32MP;64MP;Dimensity 1100;4500;6.44 inches;549;1,999;2024
Vivo;iQOO 12 256GB;210;16;16MP;50MP;Snapdragon 8 Gen 3;5000;6.78 inches;699;2,599;2024
Vivo;Z3 64GB;162;6;12MP;16MP;Snapdragon 710;3315;6.3 inches;249;899;2018
Vivo;V9 64GB;150;4;24MP;16MP;Snapdragon 626;3260;6.3 inches;219;799;2018
Vivo;X9 Plus 128GB;199;6;20MP+8MP;16MP;Snapdragon 653;4000;5.88 inches;299;1,099;2017
Vivo;Y81 32GB;146;3;5MP;13MP;MediaTek Helio P22;3260;6.22 inches;149;549;2018
Vivo;X5Max 16GB;146;2;5MP;13MP;Snapdragon 615;2300;5.5 inches;199;699;2014
Vivo;V5 Plus 64GB;158;4;20MP+8MP;16MP;Snapdragon 625;3055;5.5 inches;249;899;2017
Vivo;Y95 64GB;163;4;20MP;13MP+2MP;Snapdragon 439;4030;6.22 inches;199;699;2018
Vivo;V3 Max 32GB;168;4;8MP;13MP;Snapdragon 652;3000;5.5 inches;179;649;2016
Vivo;X3S 16GB;153;1;5MP;13MP;MediaTek MT6592;2000;5.0 inches;139;499;2014
Vivo;Y66 32GB;155;3;16MP;13MP;Snapdragon 430;3000;5.5 inches;179;649;2017
Vivo;V19 128GB;176;8;32MP;48MP;Qualcomm Snapdragon 712;4500;6.44 inches;399;1,499;2020
Vivo;V19 256GB;176;8;32MP;48MP;Qualcomm Snapdragon 712;4500;6.44 inches;429;1,599;2020
Vivo;V17 Pro 128GB;201;8;32MP;48MP;Qualcomm Snapdragon 675;4100;6.44 inches;399;1,499;2019
Vivo;V17 Pro 256GB;201;8;32MP;48MP;Qualcomm Snapdragon 675;4100;6.44 inches;429;1,599;2019
Vivo;Y12s 64GB;191;3;8MP;13MP;MediaTek Helio P35;5000;6.51 inches;159;599;2020
Vivo;Y12s 128GB;191;4;8MP;13MP;MediaTek Helio P35;5000;6.51 inches;179;699;2020
Vivo;S1 Pro 128GB;185;6;32MP;48MP;MediaTek Helio P65;4500;6.38 inches;249;999;2019
Vivo;S1 Pro 256GB;185;6;32MP;48MP;MediaTek Helio P65;4500;6.38 inches;269;1,099;2019
Vivo;Y11 32GB;190;3;8MP;13MP;Qualcomm Snapdragon 439;5000;6.35 inches;149;599;2019
Vivo;Y11 64GB;190;3;8MP;13MP;Qualcomm Snapdragon 439;5000;6.35 inches;169;649;2019
Vivo;V15 128GB;190;6;32MP;48MP;MediaTek Helio P70;4000;6.53 inches;299;1,099;2019
Vivo;V15 256GB;190;6;32MP;48MP;MediaTek Helio P70;4000;6.53 inches;319;1,199;2019
Vivo;X27 Pro 128GB;190;8;32MP;48MP;Qualcomm Snapdragon 710;4000;6.39 inches;499;1,799;2019
Vivo;X27 Pro 256GB;190;8;32MP;48MP;Qualcomm Snapdragon 710;4000;6.39 inches;549;1,999;2019
Vivo;Y30 128GB;193;4;8MP;13MP;MediaTek Helio P35;5000;6.47 inches;199;749;2020
Vivo;Y30 64GB;193;3;8MP;13MP;MediaTek Helio P35;5000;6.47 inches;169;649;2020
Vivo;Z1 Pro 64GB;159;4;16MP;16MP;Qualcomm Snapdragon 712;4500;6.53 inches;249;899;2019
Vivo;Z1 Pro 128GB;159;6;16MP;16MP;Qualcomm Snapdragon 712;4500;6.53 inches;299;999;2019
Vivo;X21 128GB;156;6;12MP;12MP;Qualcomm Snapdragon 660;3200;6.28 inches;349;1,199;2018
Vivo;X21 64GB;156;4;12MP;12MP;Qualcomm Snapdragon 660;3200;6.28 inches;299;999;2018
Vivo;V23e 128GB;172;8;50MP;64MP;MediaTek Helio G96;4050;6.44 inches;299;1,099;2021
Vivo;V23e 256GB;172;8;50MP;64MP;MediaTek Helio G96;4050;6.44 inches;349;1,199;2021
Vivo;Y33s 128GB;182;8;16MP;50MP;MediaTek Helio G80;5000;6.58 inches;239;899;2021
Vivo;Y33s 64GB;182;4;16MP;50MP;MediaTek Helio G80;5000;6.58 inches;179;799;2021
Vivo;X60 Pro 256GB;190;12;32MP;48MP;Qualcomm Snapdragon 870;4200;6.56 inches;899;1,999;2021
Vivo;X60 Pro 512GB;190;12;32MP;48MP;Qualcomm Snapdragon 870;4200;6.56 inches;999;2,099;2021
Vivo;V20 Pro 128GB;173;8;44MP;64MP;Qualcomm Snapdragon 765G;4000;6.44 inches;499;1,499;2020
Vivo;V20 Pro 256GB;173;8;44MP;64MP;Qualcomm Snapdragon 765G;4000;6.44 inches;549;1,699;2020
Vivo;Y75 5G 128GB;179;8;16MP;50MP;MediaTek Dimensity 700;5000;6.58 inches;349;1,299;2021
Vivo;Y75 5G 256GB;179;8;16MP;50MP;MediaTek Dimensity 700;5000;6.58 inches;399;1,499;2021
Vivo;Y53s 128GB;190;6;16MP;64MP;MediaTek Helio G80;5000;6.58 inches;229;899;2021
Vivo;Y53s 64GB;190;6;16MP;64MP;MediaTek Helio G80;5000;6.58 inches;179;799;2021
Vivo;V15 Pro 128GB;185;6;32MP;48MP;Qualcomm Snapdragon 675;3700;6.39 inches;399;1,499;2019
Vivo;V15 Pro 256GB;185;6;32MP;48MP;Qualcomm Snapdragon 675;3700;6.39 inches;449;1,699;2019
Vivo;X70 Pro 128GB;185;8;32MP;50MP;MediaTek Dimensity 1200;4450;6.56 inches;749;2,099;2021
Vivo;X70 Pro 256GB;185;8;32MP;50MP;MediaTek Dimensity 1200;4450;6.56 inches;799;2,299;2021
Vivo;T1 5G 128GB;181;6;16MP;50MP;Qualcomm Snapdragon 695;5000;6.58 inches;269;999;2022
Vivo;T1 5G 256GB;181;8;16MP;50MP;Qualcomm Snapdragon 695;5000;6.58 inches;319;1,099;2022
Vivo;X30 Pro 128GB;199;8;32MP;64MP;Qualcomm Snapdragon 855;4200;6.44 inches;899;2,299;2019
Vivo;X30 Pro 256GB;199;8;32MP;64MP;Qualcomm Snapdragon 855;4200;6.44 inches;949;2,499;2019
Vivo;V27 128GB;182;8;50MP;50MP;MediaTek Dimensity 8200;4600;6.78 inches;599;1,699;2023
Vivo;V27 256GB;182;8;50MP;50MP;MediaTek Dimensity 8200;4600;6.78 inches;649;1,899;2023
Vivo;V27 Pro 128GB;182;8;50MP;50MP;MediaTek Dimensity 8200;4600;6.78 inches;699;1,899;2023
Vivo;V27 Pro 256GB;182;8;50MP;50MP;MediaTek Dimensity 8200;4600;6.78 inches;749;2,099;2023
Vivo;V25 Pro 128GB;190;8;32MP;64MP;MediaTek Dimensity 1300;4830;6.56 inches;599;1,599;2022
Vivo;V25 Pro 256GB;190;8;32MP;64MP;MediaTek Dimensity 1300;4830;6.56 inches;649;1,799;2022
Vivo;X90 Pro 256GB;221;12;32MP;50MP;MediaTek Dimensity 9200;4870;6.78 inches;1,099;3,999;2022
Vivo;X90 Pro 512GB;221;12;32MP;50MP;MediaTek Dimensity 9200;4870;6.78 inches;1,199;4,499;2022
Vivo;Y100 128GB;190;8;16MP;64MP;MediaTek Dimensity 900;4500;6.44 inches;399;1,199;2023
Vivo;Y100 256GB;190;8;16MP;64MP;MediaTek Dimensity 900;4500;6.44 inches;449;1,399;2023
Vivo;T2 Series 128GB;190;8;16MP;64MP;Qualcomm Snapdragon 695;4500;6.44 inches;299;999;2023
Vivo;T2 Series 256GB;190;8;16MP;64MP;Qualcomm Snapdragon 695;4500;6.44 inches;349;1,099;2023
Vivo;V23 5G 128GB;179;8;50MP;64MP;MediaTek Dimensity 920;4200;6.44 inches;499;1,499;2022
Vivo;V23 5G 256GB;179;8;50MP;64MP;MediaTek Dimensity 920;4200;6.44 inches;549;1,699;2022
Vivo;X80 256GB;206;12;32MP;50MP;MediaTek Dimensity 9000;4700;6.78 inches;899;3,499;2022
Vivo;X80 512GB;206;12;32MP;50MP;MediaTek Dimensity 9000;4700;6.78 inches;999;3,999;2022
Vivo;Y21 128GB;182;4;8MP;13MP;MediaTek Helio P35;5000;6.51 inches;199;699;2021
Vivo;Y21 64GB;182;4;8MP;13MP;MediaTek Helio P35;5000;6.51 inches;179;599;2021
Vivo;Pad 128GB;498;6;8MP;13MP;Snapdragon 870;8040;11 inches;329;1,199;2022
Vivo;Pad 2 256GB;535;8;8MP;50MP;MediaTek Dimensity 1200;8040;11 inches;399;1,399;2023
Vivo;Pad Air 128GB;510;6;8MP;13MP;Snapdragon 870;8040;10.4 inches;279;999;2023
Vivo;Pad 3 128GB;500;6;8MP;13MP;Snapdragon 750G;8040;11 inches;349;1,199;2023
Vivo;Pad 3 Pro 256GB;550;8;8MP;50MP;Snapdragon 888;8040;12.3 inches;449;1,599;2023
Vivo;Pad 4 Pro 256GB;560;8;8MP;50MP;MediaTek Dimensity 9000;8040;12.9 inches;499;1,799;2024
iQOO;Pad 128GB;520;6;8MP;13MP;Snapdragon 870;8040;11 inches;349;1,299;2023
iQOO;Pad 2 256GB;540;8;8MP;50MP;Snapdragon 888;8040;12.3 inches;399;1,499;2024
iQOO;Pad 2 Pro 256GB;555;8;8MP;50MP;Snapdragon 8 Gen 1;8040;12.3 inches;449;1,699;2024
Oppo;Find N3 512GB;239;12;32MP;48MP + 64MP + 48MP;Snapdragon 8 Gen 2;4805;7.82 inches;1,399;5,199;2023
Oppo;Find N3 Flip 256GB;198;12;32MP;50MP + 32MP + 48MP;MediaTek Dimensity 9200;4300;6.8 inches;999;3,699;2023
Oppo;Find X8 Pro 256GB;210;12;32MP;50MP + 50MP + 50MP;Snapdragon 8 Gen 2;5000;6.8 inches;1,299;4,799;2024
Oppo;Find X8 256GB;195;8;32MP;50MP + 50MP;Snapdragon 8 Gen 2;4800;6.7 inches;1,099;4,099;2024
Oppo;Reno13 F 4G 256GB;192;8;32MP;50MP + 8MP + 2MP;MediaTek Helio G100;5800;6.67 inches;499;1,899;2025
Oppo;Reno13 F 256GB;192;8;32MP;50MP + 8MP + 2MP;MediaTek Helio G100;5800;6.67 inches;499;1,899;2025
Oppo;Reno13 Pro 512GB;210;12;50MP;50MP + 50MP + 8MP;MediaTek Dimensity 8350;5800;6.83 inches;799;2,999;2025
Oppo;Reno13 256GB;200;12;50MP;50MP + 8MP;MediaTek Dimensity 8350;5600;6.59 inches;699;2,599;2025
Oppo;Reno12 F 4G 256GB;187;8;32MP;50MP + 8MP + 2MP;Snapdragon 685;5000;6.7 inches;449;1,699;2024
Oppo;Reno12 F 256GB;187;8;32MP;50MP + 8MP + 2MP;Snapdragon 685;5000;6.7 inches;449;1,699;2024
Oppo;Reno12 Pro 512GB;190;12;32MP;50MP + 32MP + 8MP;MediaTek Dimensity 8200;4600;6.74 inches;749;2,799;2024
Oppo;Reno12 256GB;185;8;32MP;50MP + 8MP;MediaTek Dimensity 7050;5000;6.7 inches;599;2,199;2024
Oppo;Reno11 F 256GB;185;8;32MP;64MP + 8MP + 2MP;MediaTek Dimensity 7050;5000;6.7 inches;499;1,899;2024
Oppo;Reno11 Pro 512GB;190;12;32MP;50MP + 32MP + 8MP;MediaTek Dimensity 8200;4600;6.74 inches;699;2,599;2024
Oppo;A5 Pro 256GB;180;8;16MP;50MP + 2MP;Dimensity 7300;6000;6.7 inches;599;2,199;2024
Oppo;A5 Pro 512GB;186;12;16MP;50MP + 2MP;Dimensity 7300;6000;6.7 inches;699;2,499;2024
Oppo;A80 256GB;186;8;8MP;50MP + 2MP;Dimensity 6300;5100;6.67 inches;499;1,899;2024
Oppo;A3 4G 128GB;186;4;5MP;50MP;Snapdragon 6s 4G Gen 1;5000;6.7 inches;399;1,499;2024
Oppo;A3x 4G 128GB;186;4;8MP;8MP + 2MP;Snapdragon 6s 4G Gen 1;5100;6.67 inches;449;1,699;2024
Oppo;A3x 4G 256GB;186;6;8MP;8MP + 2MP;Snapdragon 6s 4G Gen 1;5100;6.67 inches;499;1,899;2024
Oppo;A3 128GB;186;4;5MP;50MP;Snapdragon 6s 4G Gen 1;5000;6.7 inches;399;1,499;2024
Oppo;A3x 128GB;186;4;8MP;8MP + 2MP;Snapdragon 6s 4G Gen 1;5100;6.67 inches;449;1,699;2024
Oppo;A3x 256GB;186;6;8MP;8MP + 2MP;Snapdragon 6s 4G Gen 1;5100;6.67 inches;499;1,899;2024
Oppo;A3 128GB;186;4;5MP;50MP;Snapdragon 6s 4G Gen 1;5000;6.7 inches;399;1,499;2024
Oppo;A60 128GB;186;8;8MP;50MP + 2MP;Snapdragon 680 4G;5000;6.67 inches;449;1,699;2024
Oppo;A60 256GB;186;8;8MP;50MP + 2MP;Snapdragon 680 4G;5000;6.67 inches;499;1,899;2024
Oppo;K12 Plus 256GB;192;8;16MP;50MP;Snapdragon 7 Gen 3;6400;6.7 inches;699;2,599;2024
Oppo;K12 Plus 512GB;192;12;16MP;50MP;Snapdragon 7 Gen 3;6400;6.7 inches;799;2,999;2024
Oppo;F27 128GB;175;8;32MP;64MP + 2MP;Dimensity 7050;5000;6.7 inches;499;1,899;2024
Oppo;F27 256GB;175;8;32MP;64MP + 2MP;Dimensity 7050;5000;6.7 inches;549;2,099;2024
Oppo;F27 Pro+ 256GB;177;8;32MP;64MP + 2MP;Dimensity 7050;5000;6.7 inches;599;2,199;2024
Oppo;F27 Pro+ 512GB;177;12;32MP;64MP + 2MP;Dimensity 7050;5000;6.7 inches;699;2,499;2024
Oppo;F25 Pro 128GB;173;8;32MP;64MP + 2MP;Snapdragon 778G;4500;6.55 inches;549;1,999;2023
Oppo;F25 Pro 256GB;173;8;32MP;64MP + 2MP;Snapdragon 778G;4500;6.55 inches;599;2,199;2023
Oppo;Pad 3 128GB;533;8;8MP;13MP;Dimensity 8350;9510;11.6 inches;699;2,499;2024
Oppo;Pad 3 256GB;533;12;8MP;13MP;Dimensity 8350;9510;11.6 inches;799;2,799;2024
Oppo;Pad 3 Pro 256GB;586;12;8MP;13MP;Snapdragon 8 Gen 3;9510;12.1 inches;899;3,299;2024
Oppo;Pad 3 Pro 512GB;586;16;8MP;13MP;Snapdragon 8 Gen 3;9510;12.1 inches;999;3,699;2024
Oppo;Pad Neo 128GB;520;6;8MP;13MP;Snapdragon 870;8360;11 inches;499;1,899;2023
Oppo;Pad Neo 256GB;520;8;8MP;13MP;Snapdragon 870;8360;11 inches;599;2,199;2023
Oppo;Find X7 Ultra 256GB;221;12;32MP;50MP + 50MP + 50MP;Snapdragon 8 Gen 3;5000;6.82 inches;1,199;4,399;2024
Oppo;Find X7 Ultra 512GB;221;16;32MP;50MP + 50MP + 50MP;Snapdragon 8 Gen 3;5000;6.82 inches;1,299;4,799;2024
Oppo;Find X7 256GB;206;12;32MP;50MP + 50MP + 64MP;Dimensity 9300;5000;6.78 inches;1,099;3,999;2024
Oppo;Find X7 512GB;206;16;32MP;50MP + 50MP + 64MP;Dimensity 9300;5000;6.78 inches;1,199;4,399;2024
Oppo;Find X6 Pro 256GB;218;12;32MP;50MP + 50MP + 50MP;Snapdragon 8 Gen 2;5000;6.82 inches;999;3,699;2023
Oppo;Find X6 Pro 512GB;218;16;32MP;50MP + 50MP + 50MP;Snapdragon 8 Gen 2;5000;6.82 inches;1,099;4,099;2023
Oppo;Find X6 256GB;207;12;32MP;50MP + 50MP + 50MP;Dimensity 9200;4800;6.74 inches;899;3,299;2023
Oppo;Find X6 512GB;207;16;32MP;50MP + 50MP + 50MP;Dimensity 9200;4800;6.74 inches;999;3,699;2023
Oppo;Find X5 Pro 256GB;218;12;32MP;50MP + 50MP + 13MP;Snapdragon 8 Gen 1;5000;6.7 inches;899;3,299;2022
Oppo;Find X5 Pro 512GB;218;16;32MP;50MP + 50MP + 13MP;Snapdragon 8 Gen 1;5000;6.7 inches;999;3,699;2022
Oppo;Find X5 256GB;196;8;32MP;50MP + 50MP + 13MP;Snapdragon 888;4800;6.55 inches;799;2,999;2022
Oppo;Find N2 Flip 256GB;191;8;32MP;50MP + 8MP;Dimensity 9000+;4300;6.8 inches;899;3,299;2023
Oppo;Find N2 Flip 512GB;191;12;32MP;50MP + 8MP;Dimensity 9000+;4300;6.8 inches;999;3,699;2023
Oppo;Find N2 256GB;233;12;32MP;50MP + 48MP + 32MP;Snapdragon 8+ Gen 1;4520;7.1 inches;1,099;3,999;2022
Oppo;Reno10 5G 128GB;180;8;32MP;64MP + 32MP + 8MP;Dimensity 7050;5;6.7 inches;499;1,899;2023
Oppo;Reno10 5G 256GB;180;8;32MP;64MP + 32MP + 8MP;Dimensity 7050;5;6.7 inches;549;2,099;2023
Oppo;Reno10 Pro 5G 256GB;186;12;32MP;50MP + 32MP + 8MP;Snapdragon 778G;4,6;6.7 inches;599;2,299;2023
Oppo;Reno10 Pro+ 5G 256GB;194;16;32MP;50MP + 64MP + 8MP;Snapdragon 8+ Gen 1;4,7;6.74 inches;699;2,599;2023
Oppo;Reno9 5G 128GB;174;8;32MP;64MP + 2MP;Snapdragon 778G;4,5;6.7 inches;449;1,699;2022
Oppo;Reno9 5G 256GB;174;12;32MP;64MP + 2MP;Snapdragon 778G;4,5;6.7 inches;499;1,899;2022
Oppo;Reno9 Pro 5G 256GB;184;16;32MP;50MP + 8MP;Dimensity 8100;4,5;6.7 inches;599;2,199;2022
Oppo;Reno9 Pro+ 5G 256GB;192;16;32MP;50MP + 8MP + 2MP;Snapdragon 8+ Gen 1;4,7;6.7 inches;649;2,499;2022
Oppo;Reno8 5G 128GB;179;8;32MP;50MP + 8MP + 2MP;Dimensity 1300;4,5;6.4 inches;399;1,499;2022
Oppo;Reno8 5G 256GB;179;12;32MP;50MP + 8MP + 2MP;Dimensity 1300;4,5;6.4 inches;449;1,699;2022
Oppo;Reno8 Pro 5G 256GB;183;12;32MP;50MP + 8MP + 2MP;Dimensity 8100;4,5;6.7 inches;549;1,999;2022
Oppo;Reno8 Pro+ 5G 256GB;195;12;32MP;50MP + 8MP + 2MP;Dimensity 8100;4,5;6.7 inches;599;2,199;2022
Oppo;Reno7 5G 128GB;173;8;32MP;64MP + 8MP + 2MP;Dimensity 900;4,5;6.4 inches;349;1,299;2021
Oppo;Reno7 5G 256GB;173;12;32MP;64MP + 8MP + 2MP;Dimensity 900;4,5;6.4 inches;399;1,499;2021
Oppo;Reno7 Pro 5G 256GB;180;12;32MP;50MP + 8MP + 2MP;Dimensity 1200;4,5;6.55 inches;499;1,799;2021
Oppo;Reno6 5G 128GB;182;8;32MP;64MP + 8MP + 2MP;Dimensity 900;4,3;6.43 inches;349;1,299;2021
Oppo;Reno6 5G 256GB;182;12;32MP;64MP + 8MP + 2MP;Dimensity 900;4,3;6.43 inches;399;1,499;2021
Oppo;Reno6 Pro 5G 128GB;177;8;32MP;64MP + 8MP + 2MP + 2MP;Dimensity 1200;4,5;6.55 inches;449;1,699;2021
Oppo;Reno6 Pro 5G 256GB;177;12;32MP;64MP + 8MP + 2MP + 2MP;Dimensity 1200;4,5;6.55 inches;499;1,899;2021
Oppo;Reno6 Pro+ 5G 256GB;188;12;32MP;50MP + 13MP + 16MP + 2MP;Snapdragon 870;4,5;6.55 inches;599;2,199;2021
Oppo;Reno5 5G 128GB;180;8;32MP;64MP + 8MP + 2MP + 2MP;Snapdragon 765G;4,3;6.43 inches;299;1,099;2020
Oppo;Reno5 5G 256GB;180;12;32MP;64MP + 8MP + 2MP + 2MP;Snapdragon 765G;4,3;6.43 inches;349;1,299;2020
Oppo;Reno5 Pro 5G 128GB;173;8;32MP;64MP + 8MP + 2MP + 2MP;Dimensity 1000+;4,35;6.55 inches;399;1,499;2020
Oppo;Reno5 Pro 5G 256GB;173;12;32MP;64MP + 8MP + 2MP + 2MP;Dimensity 1000+;4,35;6.55 inches;449;1,699;2020
Oppo;Reno5 Pro+ 5G 256GB;184;12;32MP;50MP + 16MP + 13MP + 2MP;Snapdragon 865;4,5;6.55 inches;599;2,099;2020
Oppo;Reno4 5G 128GB;183;8;32MP;48MP + 8MP + 2MP + 2MP;Snapdragon 765G;4;6.43 inches;299;999;2020
Oppo;Reno4 5G 256GB;183;8;32MP;48MP + 8MP + 2MP + 2MP;Snapdragon 765G;4;6.43 inches;349;1,199;2020
Oppo;Reno4 Pro 5G 256GB;172;12;32MP;48MP + 13MP + 12MP;Snapdragon 765G;4;6.55 inches;499;1,799;2020
Oppo;Reno3 5G 128GB;181;8;32MP;64MP + 8MP + 2MP + 2MP;Dimensity 1000L;4,025;6.4 inches;249;899;2019
Oppo;Reno3 5G 256GB;181;12;32MP;64MP + 8MP + 2MP + 2MP;Dimensity 1000L;4,025;6.4 inches;299;1,099;2019
Oppo;Reno3 Pro 5G 256GB;171;12;32MP;48MP + 13MP + 8MP + 2MP;Snapdragon 765G;4,025;6.5 inches;499;1,799;2019
Oppo;A59 5G 128GB;186;6;8MP;13MP + 2MP;MediaTek Dimensity 6020;5;6.56 inches;199;1;2023
Oppo;A59 5G 256GB;186;8;8MP;13MP + 2MP;MediaTek Dimensity 6020;5;6.56 inches;229;1,2;2023
Oppo;A58 5G 256GB;188;8;8MP;50MP + 2MP;MediaTek Dimensity 700;5;6.56 inches;249;1,3;2022
Oppo;A57 5G 128GB;186;6;8MP;13MP + 2MP;MediaTek Dimensity 810;5;6.56 inches;219;1,1;2022
Oppo;A56 5G 128GB;189;6;8MP;13MP + 2MP;MediaTek Dimensity 700;5;6.5 inches;199;1;2021
Oppo;A55 5G 128GB;186;6;8MP;13MP + 2MP + 2MP;MediaTek Dimensity 700;5;6.5 inches;189;950;2021
Oppo;A54 5G 128GB;190;6;16MP;48MP + 8MP + 2MP + 2MP;Qualcomm Snapdragon 480;5;6.5 inches;219;1,1;2021
Oppo;A53 5G 128GB;175;4;8MP;16MP + 2MP + 2MP;MediaTek Dimensity 720;4,04;6.5 inches;179;900;2020
Oppo;A52 5G 128GB;184;4;8MP;12MP + 8MP + 2MP + 2MP;MediaTek Dimensity 720;4;6.5 inches;169;850;2020
Oppo;A51 5G 128GB;186;4;8MP;13MP + 2MP + 2MP;MediaTek Dimensity 700;4;6.5 inches;149;800;2020
Oppo;A50 5G 128GB;185;4;8MP;13MP + 2MP;MediaTek Dimensity 700;4;6.5 inches;139;750;2020
Oppo;A49 5G 128GB;185;4;8MP;13MP + 2MP;MediaTek Dimensity 700;4;6.5 inches;129;700;2020
Oppo;A40 128GB;186;4;5MP;50MP;Qualcomm Snapdragon 6s Gen 1;5,1;6.67 inches;199;1;2024
Oppo;A40 256GB;186;6;5MP;50MP;Qualcomm Snapdragon 6s Gen 1;5,1;6.67 inches;229;1,2;2024
Oppo;K11x 128GB;195;8;16MP;108MP + 2MP;Qualcomm Snapdragon 695;5;6.72 inches;199;1;2023
Oppo;K11x 256GB;195;12;16MP;108MP + 2MP;Qualcomm Snapdragon 695;5;6.72 inches;229;1,2;2023
Oppo;K10x 128GB;195;6;16MP;64MP + 2MP + 2MP;Qualcomm Snapdragon 695;5;6.59 inches;199;1;2022
Oppo;K10x 256GB;195;8;16MP;64MP + 2MP + 2MP;Qualcomm Snapdragon 695;5;6.59 inches;229;1,2;2022
Oppo;K10 5G 128GB;205;8;16MP;64MP + 8MP + 2MP;MediaTek Dimensity 8000-Max;5;6.59 inches;249;1,3;2022
Oppo;K9x 128GB;194;6;16MP;64MP + 2MP + 2MP;MediaTek Dimensity 810;5;6.5 inches;199;1;2021
Oppo;K9x 256GB;194;8;16MP;64MP + 2MP + 2MP;MediaTek Dimensity 810;5;6.5 inches;229;1,2;2021
Oppo;K9 Pro 5G 128GB;180;8;16MP;64MP + 8MP + 2MP;MediaTek Dimensity 1200;4,5;6.43 inches;299;1,5;2021
Oppo;K9 Pro 5G 256GB;180;12;16MP;64MP + 8MP + 2MP;MediaTek Dimensity 1200;4,5;6.43 inches;329;1,7;2021
Oppo;K9 5G 128GB;172;8;32MP;64MP + 8MP + 2MP;Qualcomm Snapdragon 768G;4,3;6.43 inches;279;1,4;2021
Oppo;K9 5G 256GB;172;8;32MP;64MP + 8MP + 2MP;Qualcomm Snapdragon 768G;4,3;6.43 inches;299;1,5;2021
Oppo;K7x 128GB;194;6;16MP;48MP + 8MP + 2MP + 2MP;MediaTek Dimensity 720;5;6.5 inches;199;1;2020
Oppo;K7 5G 128GB;180;8;32MP;48MP + 8MP + 2MP + 2MP;Qualcomm Snapdragon 765G;4,025;6.4 inches;279;1,4;2020
Oppo;K7 5G 256GB;180;8;32MP;48MP + 8MP + 2MP + 2MP;Qualcomm Snapdragon 765G;4,025;6.4 inches;299;1,5;2020
Oppo;K11x 128GB;195;8;16MP;108MP + 2MP;Qualcomm Snapdragon 695;5;6.72 inches;199;1;2023
Oppo;K11x 256GB;195;12;16MP;108MP + 2MP;Qualcomm Snapdragon 695;5;6.72 inches;229;1,2;2023
Oppo;K11 128GB;184;8;16MP;64MP + 8MP + 2MP;Qualcomm Snapdragon 782G;5;6.7 inches;259;1,3;2023
Oppo;K11 256GB;184;12;16MP;64MP + 8MP + 2MP;Qualcomm Snapdragon 782G;5;6.7 inches;299;1,5;2023
Oppo;K10x 128GB;195;6;16MP;64MP + 2MP + 2MP;Qualcomm Snapdragon 695;5;6.59 inches;199;1;2022
Oppo;K10x 256GB;195;8;16MP;64MP + 2MP + 2MP;Qualcomm Snapdragon 695;5;6.59 inches;229;1,2;2022
Oppo;K10 5G 128GB;205;8;16MP;64MP + 8MP + 2MP;MediaTek Dimensity 8000-Max;5;6.59 inches;249;1,3;2022
Oppo;K10 5G 256GB;205;12;16MP;64MP + 8MP + 2MP;MediaTek Dimensity 8000-Max;5;6.59 inches;279;1,5;2022
Oppo;K9x 128GB;194;6;16MP;64MP + 2MP + 2MP;MediaTek Dimensity 810;5;6.5 inches;199;1;2021
Oppo;K9x 256GB;194;8;16MP;64MP + 2MP + 2MP;MediaTek Dimensity 810;5;6.5 inches;229;1,2;2021
Oppo;K9 Pro 5G 128GB;180;8;16MP;64MP + 8MP + 2MP;MediaTek Dimensity 1200;4,5;6.43 inches;299;1,5;2021
Oppo;K9 Pro 5G 256GB;180;12;16MP;64MP + 8MP + 2MP;MediaTek Dimensity 1200;4,5;6.43 inches;329;1,7;2021
Oppo;K9 5G 128GB;172;8;32MP;64MP + 8MP + 2MP;Qualcomm Snapdragon 768G;4,3;6.43 inches;279;1,4;2021
Oppo;K9 5G 256GB;172;8;32MP;64MP + 8MP + 2MP;Qualcomm Snapdragon 768G;4,3;6.43 inches;299;1,5;2021
Oppo;K7x 128GB;194;6;16MP;48MP + 8MP + 2MP + 2MP;MediaTek Dimensity 720;5;6.5 inches;199;1;2020
Oppo;K7 5G 128GB;180;8;32MP;48MP + 8MP + 2MP + 2MP;Qualcomm Snapdragon 765G;4,025;6.4 inches;279;1,4;2020
Realme;GT 6 128GB;191;8;32MP;50MP + 8MP + 50MP;Qualcomm Snapdragon 8s Gen 3;5,5;6.78 inches;380;1,4;2023
Realme;GT 6 256GB;191;12;32MP;50MP + 8MP + 50MP;Qualcomm Snapdragon 8s Gen 3;5,5;6.78 inches;400;1,46;2023
Realme;GT 6 512GB;191;16;32MP;50MP + 8MP + 50MP;Qualcomm Snapdragon 8s Gen 3;5,5;6.78 inches;420;1,52;2023
Realme;GT 6T 128GB;191;8;32MP;50MP + 8MP;Qualcomm Snapdragon 7 Plus Gen 3;5,5;6.78 inches;360;1,33;2023
Realme;GT 6T 256GB;191;8;32MP;50MP + 8MP;Qualcomm Snapdragon 7 Plus Gen 3;5,5;6.78 inches;380;1,4;2023
Realme;14 Pro+ 5G 256GB;184;12;16MP;50MP + 8MP + 50MP;Qualcomm Snapdragon 7s Gen 3;6;6.83 inches;340;1,25;2025
Realme;14 Pro+ 5G 512GB;184;12;16MP;50MP + 8MP + 50MP;Qualcomm Snapdragon 7s Gen 3;6;6.83 inches;360;1,32;2025
Realme;14 Pro 5G 128GB;184;8;16MP;50MP + 8MP;MediaTek Dimensity 7300 Energy;5,8;6.7 inches;320;1,15;2025
Realme;14 Pro 5G 256GB;184;8;16MP;50MP + 8MP;MediaTek Dimensity 7300 Energy;5,8;6.7 inches;340;1,21;2025
Realme;14x 5G 128GB;190;6;16MP;48MP + 2MP + 2MP;Qualcomm Snapdragon 7s Gen 2;5,5;6.6 inches;270;970;2025
Realme;14x 5G 256GB;190;8;16MP;48MP + 2MP + 2MP;Qualcomm Snapdragon 7s Gen 2;5,5;6.6 inches;290;1,03;2025
Realme;13+ 5G 128GB;185;8;16MP;50MP + 2MP;MediaTek Dimensity 7200;5;6.5 inches;250;900;2024
Realme;13+ 5G 256GB;185;8;16MP;50MP + 2MP;MediaTek Dimensity 7200;5;6.5 inches;270;970;2024
Realme;13 5G 128GB;190;6;16MP;50MP + 2MP;MediaTek Dimensity 6100+;5;6.6 inches;220;800;2024
Realme;13 5G 256GB;190;8;16MP;50MP + 2MP;MediaTek Dimensity 6100+;5;6.6 inches;240;860;2024
Realme;13 Pro 5G 128GB;192;8;16MP;50MP + 8MP + 2MP;Qualcomm Snapdragon 7s Gen 2;5,2;6.7 inches;300;1,07;2024
Realme;13 Pro 5G 256GB;192;12;16MP;50MP + 8MP + 2MP;Qualcomm Snapdragon 7s Gen 2;5,2;6.7 inches;320;1,14;2024
Realme;13 Pro+ 5G 256GB;195;12;32MP;50MP + 8MP + 50MP;Qualcomm Snapdragon 7+ Gen 2;5,5;6.78 inches;360;1,32;2024
Realme;13 Pro+ 5G 512GB;195;16;32MP;50MP + 8MP + 50MP;Qualcomm Snapdragon 7+ Gen 2;5,5;6.78 inches;380;1,39;2024
Realme;P1 Speed 5G 128GB;185;8;16MP;64MP + 2MP;MediaTek Dimensity 8100;5,1;6.7 inches;250;900;2024
Realme;P1 Speed 5G 256GB;185;12;16MP;64MP + 2MP;MediaTek Dimensity 8100;5,1;6.7 inches;270;960;2024
Realme;P2 Pro 5G 256GB;188;12;32MP;50MP + 8MP + 50MP;Qualcomm Snapdragon 7+ Gen 3;5,5;6.78 inches;340;1,21;2024
Realme;P2 Pro 5G 512GB;188;16;32MP;50MP + 8MP + 50MP;Qualcomm Snapdragon 7+ Gen 3;5,5;6.78 inches;360;1,28;2024
Realme;P1 5G 128GB;184;6;16MP;50MP + 2MP;MediaTek Dimensity 6100+;5;6.6 inches;200;720;2024
Realme;P1 5G 256GB;184;8;16MP;50MP + 2MP;MediaTek Dimensity 6100+;5;6.6 inches;220;780;2024
Realme;P1 Pro 5G 128GB;190;8;16MP;64MP + 2MP;Qualcomm Snapdragon 7s Gen 1;5,2;6.7 inches;270;960;2024
Realme;P1 Pro 5G 256GB;190;12;16MP;64MP + 2MP;Qualcomm Snapdragon 7s Gen 1;5,2;6.7 inches;290;1,02;2024
Realme;Narzo 70 Turbo 5G 128GB;200;8;16MP;50MP + 2MP;MediaTek Dimensity 810;5;6.6 inches;240;860;2024
Realme;Narzo 70 Turbo 5G 256GB;200;8;16MP;50MP + 2MP;MediaTek Dimensity 810;5;6.6 inches;260;920;2024
Realme;Narzo N61 128GB;195;6;16MP;50MP + 2MP;MediaTek Helio G99;5;6.5 inches;180;660;2024
Realme;Narzo N63 128GB;193;6;16MP;50MP + 2MP;MediaTek Helio G88;5;6.5 inches;160;600;2024
Realme;Narzo N65 5G 128GB;198;8;16MP;50MP + 2MP;MediaTek Dimensity 700;5;6.6 inches;210;780;2024
Realme;Narzo 70 5G 128GB;198;8;16MP;50MP + 2MP;MediaTek Dimensity 810;5,2;6.6 inches;230;830;2024
Realme;C75 128GB;190;6;8MP;50MP + 2MP;MediaTek Helio G85;5;6.6 inches;160;600;2024
Realme;C75 256GB;190;8;8MP;50MP + 2MP;MediaTek Helio G85;5;6.6 inches;180;660;2024
Realme;C61 128GB;189;4;8MP;50MP + 2MP;Unisoc T612;5;6.5 inches;130;500;2024
Realme;C67 128GB;195;6;8MP;50MP + 2MP;MediaTek Helio G88;5;6.6 inches;170;620;2024
Realme;C67 256GB;195;8;8MP;50MP + 2MP;MediaTek Helio G88;5;6.6 inches;190;680;2024
Realme;C65 128GB;192;6;8MP;50MP + 2MP;Qualcomm Snapdragon 680;5;6.6 inches;160;600;2024
Realme;C65 256GB;192;8;8MP;50MP + 2MP;Qualcomm Snapdragon 680;5;6.6 inches;180;660;2024
Realme;C63 128GB;191;6;8MP;50MP + 2MP;MediaTek Helio G85;5;6.6 inches;150;580;2024
Realme;C55 128GB;189;6;8MP;64MP + 2MP;MediaTek Helio G88;5;6.72 inches;170;620;2023
Realme;C55 256GB;189;8;8MP;64MP + 2MP;MediaTek Helio G88;5;6.72 inches;190;680;2023
Realme;Note 60x 128GB;198;6;16MP;50MP + 2MP;MediaTek Dimensity 6100+;5,2;6.6 inches;210;780;2024
Realme;Note 60 128GB;196;6;16MP;50MP + 2MP;MediaTek Dimensity 810;5,2;6.6 inches;220;820;2024
Realme;Note 60 256GB;196;8;16MP;50MP + 2MP;MediaTek Dimensity 810;5,2;6.6 inches;240;880;2024
Realme;Note 50 128GB;195;6;16MP;50MP + 2MP;MediaTek Helio G99;5;6.5 inches;170;620;2024
Realme;GT 7 128GB;199;8;16MP;50MP + 8MP + 2MP;Qualcomm Snapdragon 8 Gen 2;5,2;6.8 inches;440;1,62;2024
Realme;GT 7 256GB;199;12;16MP;50MP + 8MP + 2MP;Qualcomm Snapdragon 8 Gen 2;5,2;6.8 inches;500;1,8;2024
Realme;Neo 7 128GB;193;8;16MP;64MP + 8MP + 2MP;MediaTek Dimensity 8200;5;6.7 inches;330;1,2;2024
Realme;Neo 7 256GB;193;12;16MP;64MP + 8MP + 2MP;MediaTek Dimensity 8200;5;6.7 inches;380;1,4;2024
Realme;P2 Pro 5G 128GB;195;8;16MP;50MP + 8MP;MediaTek Dimensity 9200;5,1;6.7 inches;350;1,25;2024
Realme;P2 Pro 5G 256GB;195;12;16MP;50MP + 8MP;MediaTek Dimensity 9200;5,1;6.7 inches;400;1,4;2024
Realme;Pad 64GB;440;4;8MP;8MP;MediaTek Helio G80;7,1;10.4 inches;200;740;2021
Realme;Pad 128GB;440;6;8MP;8MP;MediaTek Helio G80;7,1;10.4 inches;230;850;2021
Realme;Pad 2 128GB;482;6;8MP;8MP;MediaTek Helio G99;8,36;11.5 inches;280;1,05;2023
Realme;Pad 2 256GB;482;8;8MP;8MP;MediaTek Helio G99;8,36;11.5 inches;320;1,2;2023
Realme;Pad 2 Lite 64GB;466;4;8MP;8MP;MediaTek Helio G85;7,1;10.4 inches;190;700;2023
Realme;Pad 2 Lite 128GB;466;6;8MP;8MP;MediaTek Helio G85;7,1;10.4 inches;210;770;2023
Realme;Pad X 64GB;499;4;8MP;13MP;Qualcomm Snapdragon 695;8,34;11 inches;310;1,15;2022
Realme;Pad X 128GB;499;6;8MP;13MP;Qualcomm Snapdragon 695;8,34;11 inches;350;1,3;2022
Realme;Pad Mini 32GB;372;3;5MP;8MP;Unisoc T616;6,4;8.7 inches;160;600;2022
Realme;Pad Mini 64GB;372;4;5MP;8MP;Unisoc T616;6,4;8.7 inches;180;660;2022
Realme;Pad Slim 64GB;440;4;8MP;8MP;MediaTek Helio G80;7,1;10.4 inches;200;730;2022
Realme;Pad Slim 128GB;440;6;8MP;8MP;MediaTek Helio G80;7,1;10.4 inches;220;800;2022
Realme;TechLife Pad Neo 64GB;465;4;8MP;8MP;MediaTek Helio G85;7,2;10.5 inches;210;770;2024
Realme;TechLife Pad Neo 128GB;465;6;8MP;8MP;MediaTek Helio G85;7,2;10.5 inches;230;850;2024
Xiaomi;Xiaomi 15 Pro 256GB;210;12;32MP;50MP (Main) + 50MP (Ultra-wide) + 50MP (Telephoto);Snapdragon 8 Elite;6,1;6.73 inches;799;3,299;2024
Xiaomi;Xiaomi 15 Pro 512GB;210;16;32MP;50MP (Main) + 50MP (Ultra-wide) + 50MP (Telephoto);Snapdragon 8 Elite;6,1;6.73 inches;899;3,699;2024
Xiaomi;Xiaomi 15 Pro 1TB;210;16;32MP;50MP (Main) + 50MP (Ultra-wide) + 50MP (Telephoto);Snapdragon 8 Elite;6,1;6.73 inches;999;4,099;2024
Xiaomi;Xiaomi 15 256GB;190;12;32MP;50MP (Main) + 50MP (Ultra-wide);Snapdragon 8 Elite;5,4;6.36 inches;699;2,899;2024
Xiaomi;Xiaomi 15 512GB;190;16;32MP;50MP (Main) + 50MP (Ultra-wide);Snapdragon 8 Elite;5,4;6.36 inches;799;3,299;2024
Xiaomi;Xiaomi 14T Pro 256GB;209;12;32MP;50MP (Main) + 50MP (Ultra-wide) + 50MP (Telephoto);Dimensity 9300+;5;6.67 inches; 634.99;2,699;2024
Xiaomi;Xiaomi 14T Pro 512GB;209;12;32MP;50MP (Main) + 50MP (Ultra-wide) + 50MP (Telephoto);Dimensity 9300+;5;6.67 inches; 790.77;2,999;2024
Xiaomi;Xiaomi 14T Pro 1TB;209;12;32MP;50MP (Main) + 50MP (Ultra-wide) + 50MP (Telephoto);Dimensity 9300+;5;6.67 inches;899;3,299;2024
Xiaomi;Xiaomi 14T 256GB;195;12;32MP;50MP (Main) + 50MP (Ultra-wide);Dimensity 8300-Ultra;5;6.67 inches;599;2,499;2024
Xiaomi;Xiaomi 14T 512GB;195;12;32MP;50MP (Main) + 50MP (Ultra-wide);Dimensity 8300-Ultra;5;6.67 inches;699;2,799;2024
Xiaomi;Xiaomi 14 Pro 256GB;206;12;32MP;50MP (Main) + 50MP (Ultra-wide) + 50MP (Telephoto);Snapdragon 8 Gen 3;5;6.73 inches;799;3,299;2023
Xiaomi;Xiaomi 14 Pro 512GB;206;12;32MP;50MP (Main) + 50MP (Ultra-wide) + 50MP (Telephoto);Snapdragon 8 Gen 3;5;6.73 inches;899;3,699;2023
Xiaomi;Xiaomi 14 256GB;189;12;32MP;50MP (Main) + 50MP (Ultra-wide);Snapdragon 8 Gen 3;4,61;6.36 inches;699;2,899;2023
Xiaomi;Xiaomi 14 512GB;189;12;32MP;50MP (Main) + 50MP (Ultra-wide);Snapdragon 8 Gen 3;4,61;6.36 inches;799;3,299;2023
Xiaomi;Redmi Note 14 Pro+ 5G 128GB;205;8;16MP;200MP (Main) + 8MP (Ultra-wide) + 2MP (Macro);Snapdragon 7s Gen 3;5,11;6.67 inches; 374.90;1,499;2024
Xiaomi;Redmi Note 14 Pro+ 5G 256GB;205;12;16MP;200MP (Main) + 8MP (Ultra-wide) + 2MP (Macro);Snapdragon 7s Gen 3;5,11;6.67 inches; 399.00;1,599;2024
Xiaomi;Redmi Note 14 Pro+ 5G 512GB;205;16;16MP;200MP (Main) + 8MP (Ultra-wide) + 2MP (Macro);Snapdragon 7s Gen 3;5,11;6.67 inches; 429.00;1,699;2024
Xiaomi;Redmi Note 14 Pro 5G 128GB;195;8;16MP;108MP (Main) + 8MP (Ultra-wide) + 2MP (Macro);MediaTek Dimensity 7300-Ultra;5,5;6.67 inches; 349.00;1,399;2024
Xiaomi;Redmi Note 14 Pro 5G 256GB;195;12;16MP;108MP (Main) + 8MP (Ultra-wide) + 2MP (Macro);MediaTek Dimensity 7300-Ultra;5,5;6.67 inches; 379.00;1,499;2024
Xiaomi;Redmi Note 14 Pro 4G 128GB;190;6;16MP;108MP (Main) + 8MP (Ultra-wide) + 2MP (Macro);Qualcomm Snapdragon 732G;5;6.67 inches; 299.00;1,199;2024
Xiaomi;Redmi Note 14 Pro 4G 256GB;190;8;16MP;108MP (Main) + 8MP (Ultra-wide) + 2MP (Macro);Qualcomm Snapdragon 732G;5;6.67 inches; 329.00;1,299;2024
Xiaomi;Redmi Note 14 5G 128GB;185;6;16MP;50MP (Main) + 8MP (Ultra-wide) + 2MP (Macro);MediaTek Dimensity 7025-Ultra;5;6.67 inches; 279.00;1,099;2024
Xiaomi;Redmi Note 14 5G 256GB;185;8;16MP;50MP (Main) + 8MP (Ultra-wide) + 2MP (Macro);MediaTek Dimensity 7025-Ultra;5;6.67 inches; 309.00;1,199;2024
Xiaomi;Redmi Note 14 4G 128GB;180;4;16MP;50MP (Main) + 8MP (Ultra-wide) + 2MP (Macro);Qualcomm Snapdragon 680;5;6.67 inches; 249.00;999;2024
Xiaomi;Redmi Note 14 4G 256GB;180;6;16MP;50MP (Main) + 8MP (Ultra-wide) + 2MP (Macro);Qualcomm Snapdragon 680;5;6.67 inches; 279.00;1,099;2024
Xiaomi;Redmi 14C 5G 64GB;195;4;8MP;50MP (Main) + 2MP (Depth);MediaTek Dimensity 700;5;6.5 inches; 199.00;799;2024
Xiaomi;Redmi 14C 5G 128GB;195;6;8MP;50MP (Main) + 2MP (Depth);MediaTek Dimensity 700;5;6.5 inches; 229.00;899;2024
Lenovo;Legion Y70 128GB;209;8;16MP;50MP;Snapdragon 8+ Gen 1;5,1;6.67 inches;499;1,899;2022
Lenovo;Legion Y70 256GB;209;12;16MP;50MP;Snapdragon 8+ Gen 1;5,1;6.67 inches;549;2,099;2022
Lenovo;Legion Y70 512GB;209;16;16MP;50MP;Snapdragon 8+ Gen 1;5,1;6.67 inches;599;2,299;2022
Lenovo;K14 Plus 64GB;198;4;8MP;48MP;Unisoc T700;5;6.5 inches;199;749;2022
Lenovo;K14 Plus 128GB;198;6;8MP;48MP;Unisoc T700;5;6.5 inches;229;849;2022
Lenovo;K13 Pro 128GB;200;6;16MP;64MP;Snapdragon 662;5;6.8 inches;249;949;2021
Lenovo;K13 32GB;190;2;5MP;13MP;Unisoc SC9863A;5;6.52 inches;149;549;2021
Lenovo;K13 Note 64GB;200;4;8MP;48MP;Snapdragon 460;5;6.5 inches;199;749;2021
Lenovo;K10 Plus 64GB;172;4;16MP;13MP;Snapdragon 632;4,05;6.22 inches;179;699;2019
Lenovo;A6 Note 32GB;172;3;5MP;13MP;Helio P22;4;6.09 inches;149;549;2019
Lenovo;K10 Note 64GB;164;4;16MP;16MP;Snapdragon 710;4,05;6.3 inches;219;799;2019
Lenovo;K10 Note 128GB;164;6;16MP;16MP;Snapdragon 710;4,05;6.3 inches;249;899;2019
Lenovo;Z6 Pro 128GB;185;6;32MP;48MP;Snapdragon 855;4;6.39 inches;429;1,599;2019
Lenovo;Z6 Pro 256GB;185;8;32MP;48MP;Snapdragon 855;4;6.39 inches;479;1,799;2019
Lenovo;Z5 Pro 64GB;210;6;16MP;16MP;Snapdragon 710;3,35;6.39 inches;299;1,099;2018
Motorola;Edge 50 Fusion 128GB;168;8;32MP;50MP;Snapdragon 7 Gen 1;5;6.7 inches;499;1,899;2024
Motorola;Edge 50 Fusion 256GB;168;12;32MP;50MP;Snapdragon 7 Gen 1;5;6.7 inches;549;2,099;2024
Motorola;Edge 50 Pro 128GB;186;8;50MP;50MP;Snapdragon 7 Gen 3;4,5;6.7 inches;549;2,099;2024
Motorola;Edge 50 Pro 256GB;186;12;50MP;50MP;Snapdragon 7 Gen 3;4,5;6.7 inches;599;2,299;2024
Motorola;Razr 128GB;192;8;32MP;50MP;Snapdragon 8+ Gen 1;3,5;6.7 inches (main), 2.7 inches (external);999;3,699;2023
Motorola;Razr 256GB;192;12;32MP;50MP;Snapdragon 8+ Gen 1;3,5;6.7 inches (main), 2.7 inches (external);1,099;3,999;2023
Motorola;G84 5G 128GB;166;8;16MP;50MP;Snapdragon 695;5;6.5 inches;299;1,099;2023
Motorola;G84 5G 256GB;166;12;16MP;50MP;Snapdragon 695;5;6.5 inches;349;1,299;2023
Motorola;Moto G Stylus 64GB;195;4;16MP;50MP;MediaTek Helio G88;5;6.8 inches;199;799;2023
Motorola;Moto G Stylus 128GB;195;6;16MP;50MP;MediaTek Helio G88;5;6.8 inches;249;899;2023
Motorola;One Vision 3 128GB;180;6;25MP;48MP;Exynos 9609;3,5;6.3 inches;299;1,099;2024
Motorola;One Vision 3 256GB;180;8;25MP;48MP;Exynos 9609;3,5;6.3 inches;349;1,299;2024
Motorola;Edge 50 Lite 128GB;170;6;32MP;64MP;Snapdragon 695;5;6.7 inches;399;1,499;2024
Motorola;Edge 50 Lite 256GB;170;8;32MP;64MP;Snapdragon 695;5;6.7 inches;449;1,699;2024
Motorola;Moto E40 Plus 64GB;198;4;8MP;48MP;Unisoc T700;5;6.5 inches;199;749;2023
Motorola;Moto E40 Plus 128GB;198;6;8MP;48MP;Unisoc T700;5;6.5 inches;229;849;2023
Motorola;Moto G Power 64GB;206;4;16MP;50MP;Snapdragon 662;5;6.6 inches;249;949;2022
Motorola;Moto G Power 128GB;206;6;16MP;50MP;Snapdragon 662;5;6.6 inches;279;1,049;2022
Motorola;Moto G Play 32GB;203;3;5MP;13MP;MediaTek Helio G25;5;6.5 inches;149;549;2022
Motorola;Moto G Play 64GB;203;4;5MP;13MP;MediaTek Helio G25;5;6.5 inches;179;649;2022
Motorola;Moto G75 5G 128GB;205;8;16MP;50MP;Snapdragon 6 Gen 3;5;6.78 inches;320;1,175;2024
Motorola;Moto G75 5G 256GB;205;8;16MP;50MP;Snapdragon 6 Gen 3;5;6.78 inches;370;1,35;2024
Motorola;Moto S50 128GB;190;8;32MP;64MP;MediaTek Dimensity 8100;4,5;6.7 inches;300;1,1;2024
Motorola;Moto S50 256GB;190;12;32MP;64MP;MediaTek Dimensity 8100;4,5;6.7 inches;350;1,275;2024
Motorola;Edge 50 Neo 256GB;171;8;32MP;50MP;MediaTek Dimensity 7300;4,31;6.4 inches;400;1,5;2024
Motorola;Edge 50 Neo 512GB;171;12;32MP;50MP;MediaTek Dimensity 7300;4,31;6.4 inches;450;1,675;2024
Motorola;Moto G55 128GB;182;8;16MP;50MP;MediaTek Dimensity 7025;5;6.49 inches;270;1;2024
Motorola;Moto G55 256GB;182;8;16MP;50MP;MediaTek Dimensity 7025;5;6.49 inches;320;1,175;2024
Motorola;Moto G35 128GB;188;4;16MP;50MP;Unisoc T760;5;6.72 inches;200;750;2024
Motorola;Moto G35 256GB;188;8;16MP;50MP;Unisoc T760;5;6.72 inches;250;925;2024
Motorola;Moto G45 128GB;183;6;16MP;50MP;Snapdragon 6s Gen 3;5;6.5 inches;250;925;2024
Motorola;Moto G45 256GB;183;8;16MP;50MP;Snapdragon 6s Gen 3;5;6.5 inches;300;1,1;2024
Motorola;Edge 50 256GB;180;8;32MP;50MP;Snapdragon 7s Gen 2;4,7;6.7 inches;450;1,675;2024
Motorola;Edge 50 512GB;180;12;32MP;50MP;Snapdragon 7s Gen 2;4,7;6.7 inches;500;1,85;2024
Motorola;Razr 50 Ultra 512GB;189;12;32MP;50MP;Snapdragon 8+ Gen 1;4;6.9 inches (internal), 4.0 inches (external);1,199;4,399;2024
Motorola;Razr 50 256GB;188;8;32MP;50MP;Snapdragon 7 Gen 1;3,8;6.7 inches (internal), 3.6 inches (external);999;3,699;2024
Motorola;Moto G85 128GB;173;8;32MP;50MP;Snapdragon 6s Gen 3;5;6.67 inches;320;1,175;2024
Motorola;Moto G85 256GB;173;12;32MP;50MP;Snapdragon 6s Gen 3;5;6.67 inches;370;1,35;2024
Motorola;S50 Neo 256GB;170;8;32MP;50MP;MediaTek Dimensity 7200;4,3;6.5 inches;300;1,1;2024
Motorola;S50 Neo 512GB;170;12;32MP;50MP;MediaTek Dimensity 7200;4,3;6.5 inches;350;1,275;2024
Motorola;Moto E14 64GB;180;4;8MP;13MP;Unisoc T606;5;6.5 inches;150;550;2024
Motorola;Moto E14 128GB;180;4;8MP;13MP;Unisoc T606;5;6.5 inches;180;650;2024
Motorola;Edge 256GB;174;8;32MP;50MP;Snapdragon 7s Gen 2;4,7;6.7 inches;450;1,675;2024
Motorola;Edge 512GB;174;12;32MP;50MP;Snapdragon 7s Gen 2;4,7;6.7 inches;500;1,85;2024
Motorola;Moto X50 Ultra 512GB;198;12;60MP;200MP;Snapdragon 8 Gen 3;5;6.9 inches;1,499;5,499;2024
Motorola;Moto G Stylus 5G 256GB;195;6;16MP;50MP;Snapdragon 6 Gen 1;5;6.8 inches;300;1,1;2024
Motorola;Moto G Stylus 5G 512GB;195;8;16MP;50MP;Snapdragon 6 Gen 1;5;6.8 inches;350;1,275;2024
Motorola;Edge 50 Ultra 512GB;198;12;60MP;200MP;Snapdragon 8 Gen 3;5;6.9 inches;1,499;5,499;2024
Motorola;Edge 30 Fusion 128GB;168;8;32MP;50MP;Snapdragon 888+ 5G;4,4;6.55 inches;699;2,599;2022
Motorola;Edge 30 Fusion 256GB;168;12;32MP;50MP;Snapdragon 888+ 5G;4,4;6.55 inches;749;2,799;2022
Motorola;Edge 30 Neo 128GB;155;6;32MP;64MP;Snapdragon 695 5G;4,02;6.28 inches;499;1,799;2022
Motorola;Edge 30 Neo 256GB;155;8;32MP;64MP;Snapdragon 695 5G;4,02;6.28 inches;549;1,999;2022
Motorola;Moto G82 5G 128GB;173;6;16MP;50MP;Snapdragon 695 5G;5;6.6 inches;399;1,499;2022
Motorola;Moto G82 5G 256GB;173;8;16MP;50MP;Snapdragon 695 5G;5;6.6 inches;449;1,699;2022
Motorola;Moto G62 5G 128GB;184;4;16MP;50MP;Snapdragon 480+ 5G;5;6.5 inches;349;1,299;2022
Motorola;Moto G62 5G 256GB;184;6;16MP;50MP;Snapdragon 480+ 5G;5;6.5 inches;399;1,499;2022
Motorola;Moto G42 128GB;175;4;16MP;50MP;Snapdragon 680 4G;5;6.4 inches;299;1,099;2022
Motorola;Moto G32 128GB;184;4;16MP;50MP;Snapdragon 680 4G;5;6.5 inches;279;999;2022
Motorola;Moto E32s 64GB;185;3;8MP;16MP;MediaTek Helio G37;5;6.5 inches;199;749;2022
Motorola;Moto E22i 32GB;169;2;5MP;16MP;MediaTek Helio G37;4,02;6.5 inches;179;699;2022
Motorola;Moto E22 64GB;169;4;5MP;16MP;MediaTek Helio G37;4,02;6.5 inches;199;749;2022
Motorola;Moto G22 64GB;185;4;16MP;50MP;MediaTek Helio G37;5;6.5 inches;249;899;2022
Huawei;P50;181;8;13MP;50MP;Snapdragon 888 4G;4,1;6.5 inches;699;2,599;2021
Huawei;P50 Pro;195;8;13MP;50MP;Snapdragon 888 4G;4,36;6.6 inches;899;3,299;2021
Huawei;P50 Pocket;190;8;10.7MP;40MP;Snapdragon 888 4G;4;6.9 inches (unfolded);1,299;4,799;2021
Huawei;Mate 40E;188;8;13MP;64MP;Kirin 990E 5G;4,2;6.5 inches;799;2,999;2021
Huawei;Mate X2;295;8;16MP;50MP;Kirin 9000 5G;4,5;8.0 inches (unfolded);2,699;9,999;2021
Huawei;Nova 9;175;8;32MP;50MP;Snapdragon 778G 4G;4,3;6.57 inches;499;1,899;2021
Huawei;Nova 9 Pro;186;8;Dual 32MP;50MP;Snapdragon 778G 4G;4;6.72 inches;599;2,199;2021
Huawei;P50E;181;8;13MP;50MP;Snapdragon 778G 4G;4,1;6.5 inches;649;2,399;2022
Huawei;Mate Xs 2;255;8;10.7MP;50MP;Snapdragon 888 4G;4,6;7.8 inches (unfolded);2,499;8,999;2022
Huawei;Mate 50;202;8;13MP;50MP;Snapdragon 8+ Gen 1 4G;4,46;6.7 inches;999;3,699;2022
Huawei;Mate 50 Pro;205;8;13MP;50MP;Snapdragon 8+ Gen 1 4G;4,7;6.74 inches;1,199;4,399;2022
Huawei;Nova 10;168;8;60MP;50MP;Snapdragon 778G 4G;4;6.67 inches;499;1,899;2022
Huawei;Nova 10 Pro;191;8;Dual 60MP;50MP;Snapdragon 778G 4G;4,5;6.78 inches;599;2,199;2022
Huawei;Nova 10 SE;184;8;16MP;108MP;Snapdragon 680 4G;4,5;6.67 inches;399;1,499;2022
Huawei;P60;197;8;13MP;48MP (wide) + 13MP (ultrawide) + 48MP (telephoto);Snapdragon 8+ Gen 1 4G;4,815;6.67 inches;999;3,699;2023
Huawei;P60 Pro;200;08.dec;13MP;48MP (wide) + 13MP (ultrawide) + 48MP (telephoto);Snapdragon 8+ Gen 1 4G;4,815;6.67 inches;1,099;4,199;2023
Huawei;P60 Art;206;08.dec;13MP;48MP (wide) + 40MP (ultrawide) + 48MP (telephoto);Snapdragon 8+ Gen 1 4G;5,1;6.73 inches;1,299;4,799;2023
Huawei;Mate X3;239;12;8MP;50MP (wide) + 13MP (ultrawide) + 12MP (periscope telephoto);Snapdragon 8+ Gen 1 4G;4,8;7.85 inches (unfolded);2,499;9,999;2023
Huawei;Mate 60;209;12;13MP;50MP (wide) + 12MP (ultrawide) + 12MP (telephoto);Kirin 9000S;4,75;6.7 inches;1,099;4,099;2023
Huawei;Mate 60 Pro;225;12;13MP;50MP (wide) + 40MP (ultrawide) + 48MP (telephoto);Kirin 9000S;5;6.82 inches;1,299;4,699;2023
Huawei;Mate 60 Pro+;235;12;13MP;50MP (wide) + 48MP (ultrawide) + 48MP (telephoto);Kirin 9000S;5,2;6.82 inches;1,499;5,199;2023
Huawei;Nova 11;168;8;60MP;50MP (wide) + 8MP (ultrawide);Snapdragon 778G 4G;4,5;6.7 inches;499;1,899;2023
Huawei;Pura 70;220;12;13MP;50MP + 13MP + 12MP;Kirin 9010;4,9;6.8 inches;999;3,699;2024
Huawei;Pura 70 Pro;220;12;13MP;50MP + 12.5MP + 48MP;Kirin 9010;5,05;6.8 inches;1,099;4,199;2024
Huawei;Pura 70 Pro+;220;12;13MP;50MP + 12.5MP + 48MP;Kirin 9010;5,05;6.8 inches;1,199;4,699;2024
Huawei;Pura 70 Ultra;226;16;13MP;50MP + 40MP + 50MP;Kirin 9010;5,2;6.8 inches;1,299;5,199;2024
Huawei;Mate 70;220;12;13MP;50MP + 12MP;Kirin 9010;4,9;6.7 inches;899;3,399;2024
Huawei;Mate 70 Pro;220;12;13MP;50MP + 12MP + 40MP;Kirin 9010;5;6.8 inches;999;3,899;2024
Huawei;Mate 70 Pro+;220;12;13MP;50MP + 12MP + 40MP;Kirin 9010;5;6.8 inches;1,099;4,399;2024
Huawei;Mate X6;241;12;8MP;50MP + 13MP + 12MP;Kirin 9010;4,8;7.93 inches;2,499;9,999;2024
Huawei;Nova 12;168;8;60MP;50MP + 8MP;Kirin 9000S;4,5;6.7 inches;499;1,899;2024
Huawei;Nova 12 Pro;188;8;60MP + 8MP;50MP + 8MP;Kirin 9000S;4,5;6.78 inches;599;2,199;2024
Huawei;Mate XT 256GB;245;12;13MP;50MP + 12MP + 48MP;Kirin 9010;5;7.92 inches;2,599;10,499;2024
Huawei;Mate XT 512GB;245;12;13MP;50MP + 12MP + 48MP;Kirin 9010;5;7.92 inches;2,799;11,099;2024
Huawei;Nova 13 256GB;170;8;50MP;50MP + 8MP;Kirin 9000S;4,6;6.7 inches;529;1,999;2024
Huawei;Nova 13 512GB;170;8;50MP;50MP + 8MP;Kirin 9000S;4,6;6.7 inches;599;2,299;2024
Huawei;Nova 13 Pro 256GB;190;8;60MP + 8MP;50MP + 8MP;Kirin 9000S;4,6;6.78 inches;649;2,399;2024
Huawei;Nova 13 Pro 512GB;190;8;60MP + 8MP;50MP + 8MP;Kirin 9000S;4,6;6.78 inches;729;2,699;2024
Nokia;G42 5G 128GB;193;4;8MP;50MP;Snapdragon 480+;5;6.56 inches;229;849;2023
Nokia;G20 64GB;197;4;8MP;48MP;MediaTek G35;5,05;6.52 inches;169;629;2021
Nokia;G20 128GB;197;4;8MP;48MP;MediaTek G35;5,05;6.52 inches;189;699;2021
Nokia;C32 64GB;199;3;8MP;50MP;Unisoc SC9863A;5;6.52 inches;139;499;2023
Nokia;C32 128GB;199;4;8MP;50MP;Unisoc SC9863A;5;6.52 inches;159;549;2023
Nokia;G21 64GB;190;4;8MP;50MP;Unisoc T606;5,05;6.5 inches;169;619;2022
Nokia;G21 128GB;190;6;8MP;50MP;Unisoc T606;5,05;6.5 inches;189;699;2022
Nokia;C22 64GB;190;2;8MP;13MP;Unisoc SC9863A;5;6.5 inches;119;449;2023
Nokia;C22 128GB;190;3;8MP;13MP;Unisoc SC9863A;5;6.5 inches;139;499;2023
Nokia;G400 128GB;198;6;16MP;48MP;Snapdragon 480;5;6.58 inches;239;899;2022
Sony;Xperia 1 IV 256GB;185;12;12MP;12MP;Snapdragon 8 Gen 1;5;6.5 inches;1,599;5,799;2022
Sony;Xperia 5 IV 128GB;172;8;12MP;12MP;Snapdragon 8 Gen 1;5;6.1 inches;999;3,799;2022
Sony;Xperia 10 IV 128GB;161;6;8MP;12MP;Snapdragon 695;5;6.0 inches;499;1,799;2022
Sony;Xperia 1 V 256GB;187;12;12MP;48MP;Snapdragon 8 Gen 2;5;6.5 inches;1,699;5,999;2023
Sony;Xperia 5 V 128GB;178;8;12MP;48MP;Snapdragon 8 Gen 2;5;6.1 inches;1,099;4,099;2023
Sony;Xperia 10 V 128GB;164;6;8MP;48MP;Snapdragon 695;5;6.1 inches;599;1,999;2023
Sony;Xperia 1 VI 256GB;190;12;12MP;48MP;Snapdragon 8 Gen 3;5;6.5 inches;1,799;6,199;2024
Sony;Xperia 5 VI 128GB;180;8;12MP;48MP;Snapdragon 8 Gen 3;5;6.1 inches;1,199;4,399;2024
Sony;Xperia 10 VI 128GB;167;6;8MP;48MP;Snapdragon 7 Gen 1;5;6.1 inches;699;2,199;2024
Nokia;T21;466;4;8MP;8MP;Unisoc T612;8200;10.4 inches;396,22;870;2022
Huawei;MatePad Pro 12.2 512GB;508;12;16MP;13MP (f/1.8, AF);Kirin 9000S;10,1;12.2 inches;999;2,199;2024
Huawei;MatePad Pro 13.2 512GB;580;12;16MP;13MP (f/1.8, AF);Kirin 9000S;10,1;13.2 inches;877;2,199;2024
Google;Pixel 3a 64GB;147;4;8MP;12.2MP;Snapdragon 670;3;5.6 inches;399;1,599;2019
Google;Pixel 3a XL 64GB;167;4;8MP;12.2MP;Snapdragon 670;3,7;6.0 inches;479;1,799;2019
Google;Pixel 4 64GB;162;6;8MP;12.2MP;Snapdragon 855;2,8;5.7 inches;799;3,199;2019
Google;Pixel 4 XL 64GB;193;6;8MP;12.2MP;Snapdragon 855;3,7;6.3 inches;899;3,599;2019
Google;Pixel 4a 128GB;143;6;8MP;12.2MP;Snapdragon 730G;3,14;5.8 inches;349;1,399;2020
Google;Pixel 4a 5G 128GB;168;6;8MP;12.2MP;Snapdragon 765G;3,885;6.2 inches;499;1,999;2020
Google;Pixel 5 128GB;151;8;8MP;12.2MP;Snapdragon 765G;4,08;6.0 inches;699;2,799;2020
Google;Pixel 5a 128GB;183;6;8MP;12.2MP;Snapdragon 765G;4,68;6.34 inches;449;1,799;2021
Google;Pixel 6 128GB;207;8;8MP;50MP;Google Tensor;4,614;6.4 inches;699;2,999;2021
Google;Pixel 6 Pro 256GB;210;12;11.1MP;50MP;Google Tensor;5,003;6.71 inches;899;3,499;2021
Google;Pixel 6a 128GB;178;6;8MP;12.2MP;Google Tensor;4,41;6.1 inches;449;1,999;2022
Google;Pixel 7 128GB;197;8;10.8MP;50MP;Google Tensor G2;4,355;6.3 inches;599;2,399;2022
Google;Pixel 7 Pro 256GB;212;12;10.8MP;50MP;Google Tensor G2;5;6.7 inches;899;3,599;2022
Google;Pixel 7a 128GB;193;8;10.8MP;64MP;Google Tensor G2;4,385;6.1 inches;499;2,199;2023
Google;Pixel 8 128GB;187;8;10.5MP;50MP;Google Tensor G3;4,575;6.2 inches;699;2,799;2023
Google;Pixel 8 Pro 256GB;213;12;10.5MP;50MP;Google Tensor G3;5,05;6.7 inches;999;3,999;2023
Google;Pixel 8a 128GB;194;8;10.5MP;64MP;Google Tensor G3;4,385;6.1 inches;549;2,399;2024
Google;Pixel 9 128GB;195;8;10.8MP;50MP;Google Tensor G4;4,6;6.3 inches;799;3,199;2024
Google;Pixel 9 Pro 256GB;216;12;10.8MP;50MP;Google Tensor G4;5,05;6.7 inches;1,099;4,199;2024
Google;Pixel 9 Pro XL 512GB;222;16;10.8MP;50MP;Google Tensor G4;5,25;6.8 inches;1,299;4,999;2024
Google;Pixel 9 Pro Fold 512GB;250;16;10.8MP;50MP;Google Tensor G4;5,5;7.6 inches;1,799;6,999;2024
Tecno;Spark Go 1S 64GB;190;4;8MP;13MP;MediaTek Helio A22;5;6.6 inches;129;499;2024
Tecno;Megapad 11 256GB;450;8;13MP;50MP;MediaTek G99;8;11 inches;349;1,299;2024
Tecno;Pop 9 4G 64GB;195;3;5MP;8MP;Unisoc SC9863A;5;6.52 inches;99;399;2024
Tecno;Megapad 128GB;420;6;12MP;50MP;MediaTek Helio G80;7,5;10.9 inches;299;1,099;2024
Tecno;Camon 30S 256GB;198;8;32MP;50MP;MediaTek Dimensity 810;5,2;6.8 inches;499;1,999;2024
Tecno;Spark 30C 5G 128GB;200;6;16MP;50MP;MediaTek Dimensity 6100+;5;6.6 inches;199;749;2024
Tecno;Spark 30 5G 128GB;195;6;16MP;50MP;MediaTek Dimensity 6020;5;6.6 inches;229;849;2024
Tecno;Pop 9 64GB;190;3;5MP;8MP;Unisoc SC9832E;5;6.52 inches;89;349;2024
Tecno;Spark 30 Pro 256GB;205;8;32MP;50MP;MediaTek Helio G99;5,2;6.8 inches;269;999;2024
Tecno;Spark 30 128GB;192;4;16MP;50MP;MediaTek Helio G85;5;6.6 inches;179;699;2024
Tecno;Phantom V Fold2 512GB;280;12;32MP;64MP;MediaTek Dimensity 9200+;5,5;7.85 inches;1,799;6,999;2024
Tecno;Phantom V Flip2 256GB;195;8;32MP;50MP;MediaTek Dimensity 8050;4,3;6.9 inches;999;3,999;2024
Tecno;Pova 6 Neo 5G 256GB;225;8;16MP;50MP;MediaTek Dimensity 810;6;6.8 inches;349;1,299;2024
Tecno;Spark 30C 128GB;190;4;16MP;50MP;MediaTek Helio G85;5;6.6 inches;149;599;2024
Tecno;Spark Go 1 64GB;195;3;5MP;8MP;Unisoc SC9863A;5;6.52 inches;99;399;2024
Tecno;Camon 30S Pro 512GB;202;12;50MP;108MP;MediaTek Dimensity 9200;5,2;6.9 inches;1,099;4,199;2024
Tecno;Spark 20P 128GB;195;4;16MP;50MP;MediaTek Helio G85;5;6.6 inches;179;699;2024
Tecno;Spark 20 Pro 5G 256GB;210;8;32MP;50MP;MediaTek Dimensity 810;5,2;6.8 inches;329;1,199;2024
Tecno;Pova 6 Neo 256GB;230;8;16MP;50MP;MediaTek Helio G99;6;6.8 inches;299;1,099;2024
Tecno;Camon 30 Premier 512GB;210;12;50MP;108MP;MediaTek Dimensity 9200;5,2;6.9 inches;1,199;4,499;2024
Tecno;Camon 30 Pro 512GB;205;12;50MP;64MP;MediaTek Dimensity 8200;5,2;6.8 inches;899;3,299;2024
Tecno;Camon 30 5G 256GB;198;8;32MP;50MP;MediaTek Dimensity 810;5;6.7 inches;499;1,999;2024
Tecno;Camon 30 128GB;195;6;32MP;50MP;MediaTek Helio G99;5;6.7 inches;349;1,299;2024
Tecno;Pova 6 Pro 512GB;230;12;32MP;64MP;MediaTek Dimensity 8100;6;6.9 inches;1,099;4,199;2024
Tecno;Spark 20 Pro+ 256GB;210;8;32MP;50MP;MediaTek Helio G99;5,2;6.8 inches;269;999;2024
Tecno;Spark 20 Pro 128GB;195;6;16MP;50MP;MediaTek Helio G85;5;6.6 inches;199;749;2024
Tecno;Spark 20 128GB;192;4;16MP;50MP;MediaTek Helio G85;5;6.6 inches;179;699;2024
Tecno;Spark 20C 128GB;190;4;16MP;50MP;MediaTek Helio G85;5;6.6 inches;149;599;2024
Tecno;Spark Go 2024 64GB;195;3;5MP;8MP;Unisoc SC9863A;5;6.52 inches;99;399;2024
Tecno;Pop 8 64GB;195;3;5MP;8MP;Unisoc SC9832E;5;6.52 inches;89;349;2024
Tecno;Camon 20s Pro 5G 512GB;202;12;50MP;108MP;MediaTek Dimensity 9200;5,2;6.9 inches;1,099;4,199;2024
Tecno;Camon 20s Pro 256GB;202;12;50MP;108MP;MediaTek Dimensity 810;5,2;6.9 inches;899;3,499;2024
Tecno;Camon 20s 256GB;200;8;32MP;50MP;MediaTek Helio G99;5;6.7 inches;449;1,799;2024
Tecno;Camon 20 Premier 512GB;205;12;50MP;108MP;MediaTek Dimensity 8200;5,2;6.8 inches;1,049;3,999;2024
Tecno;Camon 20 Pro 5G 256GB;200;8;32MP;50MP;MediaTek Dimensity 810;5;6.7 inches;499;1,999;2024
Tecno;Camon 20 Pro 128GB;198;6;32MP;50MP;MediaTek Helio G99;5;6.7 inches;349;1,299;2024
Tecno;Camon 20 128GB;195;6;32MP;50MP;MediaTek Helio G99;5;6.7 inches;349;1,299;2024
Tecno;Pova 5G 512GB;240;8;32MP;50MP;MediaTek Dimensity 900;6;6.9 inches;699;2,799;2024
Tecno;Pova 5 256GB;230;8;16MP;50MP;MediaTek Helio G99;6;6.8 inches;329;1,199;2024
Infinix;Xpad;450;6;8MP;13MP;MediaTek Helio G99;7;10.1 inches;299;1,099;2024
Infinix;Xpad 5G;470;8;16MP;50MP;MediaTek Dimensity 810;8;10.4 inches;399;1,499;2024
Infinix;Xpad Lite;420;4;5MP;8MP;Unisoc T606;6;9.7 inches;219;799;2024
Infinix;Xpad Pro;480;12;32MP;50MP;MediaTek Dimensity 9200;9;11.0 inches;549;1,999;2024
Infinix;Hot 50;192;6;8MP;50MP;MediaTek Helio G85;5;6.78 inches;219;799;2024
Infinix;Hot 50i;190;4;8MP;50MP;Unisoc T606;5;6.6 inches;179;699;2024
Infinix;Hot 50 5G;195;8;16MP;50MP;MediaTek Dimensity 810;5,2;6.78 inches;289;1,049;2024
Infinix;Hot 50 Pro;194;8;16MP;50MP;MediaTek Helio G99;5;6.8 inches;269;999;2024
Infinix;Hot 50 Pro+;196;12;32MP;108MP;MediaTek Dimensity 9200;5,3;6.9 inches;379;1,399;2024
Infinix;GT 20 Pro;198;12;32MP;108MP;MediaTek Dimensity 8200;5,5;6.9 inches;449;1,699;2024
Infinix;Note 40X 5G;198;8;32MP;108MP;MediaTek Dimensity 7200;5,2;6.8 inches;349;1,299;2024
Infinix;Note 40S;196;8;32MP;50MP;MediaTek Helio G99;5;6.78 inches;279;999;2024
Infinix;Note 40 5G;195;8;32MP;108MP;MediaTek Dimensity 8100;5,2;6.8 inches;319;1,099;2024
Infinix;Note 40 Pro 5G;195;12;32MP;108MP;MediaTek Dimensity 9000;5,3;6.8 inches;399;1,499;2024
Infinix;Note 40 Racing Edition;196;12;32MP;108MP;MediaTek Dimensity 9200;5,5;6.9 inches;449;1,699;2024
Infinix;Hot 40;196;8;32MP;50MP;MediaTek Helio G88;5;6.78 inches;199;749;2023
Infinix;Hot 40i;195;4;8MP;13MP;Unisoc T606;5;6.6 inches;159;599;2023
Infinix;Hot 40 Pro;195;8;32MP;108MP;MediaTek Helio G99;5;6.78 inches;229;849;2023
Infinix;Zero 40;195;12;50MP;108MP;MediaTek Dimensity 8200;5;6.78 inches;349;1,299;2024
Infinix;Zero 40 5G;195;12;50MP;108MP;MediaTek Dimensity 8200;5;6.78 inches;379;1,399;2024
Infinix;Zero Flip;190;8;32MP;108MP;Qualcomm Snapdragon 778G;4,5;6.7 inches;399;1,499;2024
Infinix;Note 40;190;8;32MP;108MP;MediaTek Helio G99;5;6.78 inches;279;999;2024
Infinix;Note 40 Pro;190;12;32MP;108MP;MediaTek Dimensity 8100;5;6.78 inches;329;1,199;2024
Infinix;Hot 30 128GB;196;8;8MP;50MP;MediaTek Helio G88;5;6.78 inches;199;749;2023
Infinix;Hot 30i 128GB;191;4;8MP;13MP;Unisoc T606;5;6.6 inches;159;599;2023
Infinix;Hot 30i NFC 128GB;191;4;8MP;13MP;Unisoc T606;5;6.6 inches;159;599;2023
Infinix;Hot 30 Play 128GB;205;4;8MP;16MP;MediaTek Helio G37;6;6.82 inches;179;649;2023
Infinix;Hot 30 5G 128GB;202;8;8MP;50MP;MediaTek Dimensity 810;5;6.78 inches;239;899;2023
Infinix;Zero 30 256GB;185;8;50MP;108MP;MediaTek Dimensity 8020;5;6.78 inches;349;1,299;2023
Infinix;Zero 30 5G 256GB;185;12;50MP;108MP;MediaTek Dimensity 8020;5;6.78 inches;379;1,399;2023
Infinix;GT 10 Pro 256GB;187;8;32MP;108MP;MediaTek Dimensity 8050;5;6.67 inches;399;1,499;2023
Infinix;Hot 12 128GB;195;6;8MP;13MP;MediaTek Helio G85;5;6.82 inches;179;649;2022
Infinix;Hot 12 Play 128GB;209;4;8MP;13MP;Unisoc T610;6;6.82 inches;159;599;2022
Infinix;Hot 12 Pro 128GB;191;8;8MP;50MP;Unisoc T616;5;6.6 inches;199;749;2022
Infinix;Hot 12i 64GB;190;4;8MP;13MP;MediaTek Helio A22;5;6.6 inches;139;499;2022
Infinix;Hot 20 128GB;198;6;8MP;50MP;MediaTek Helio G85;5;6.82 inches;199;749;2022
Infinix;Hot 20 Play 128GB;209;4;8MP;13MP;MediaTek Helio G37;6;6.82 inches;159;599;2022
Infinix;Hot 20s 128GB;202;8;8MP;50MP;MediaTek Helio G96;5;6.78 inches;219;799;2022
Infinix;Hot 20 5G 128GB;204;6;8MP;50MP;MediaTek Dimensity 810;5;6.6 inches;239;899;2022
Infinix;Hot 20i 64GB;195;4;8MP;13MP;MediaTek Helio G25;5;6.6 inches;139;499;2022
Infinix;Hot 10T 128GB;205;4;8MP;48MP;MediaTek Helio G70;5;6.82 inches;149;549;2021
Infinix;Hot 10S 128GB;211;6;8MP;48MP;MediaTek Helio G85;6;6.82 inches;169;599;2021
Infinix;Hot 10S NFC 128GB;211;6;8MP;48MP;MediaTek Helio G85;6;6.82 inches;179;649;2021
Infinix;Hot 10 Lite 64GB;195;3;8MP;13MP;MediaTek Helio A25;5;6.6 inches;109;399;2020
Infinix;Hot 10 Play 64GB;207;4;8MP;13MP;MediaTek Helio G25;6;6.82 inches;139;499;2021
Infinix;Hot 11 128GB;201;4;8MP;13MP;MediaTek Helio G70;5,2;6.6 inches;159;599;2021
Infinix;Hot 11 Play 128GB;209;4;8MP;13MP;MediaTek Helio G35;6;6.82 inches;169;649;2021
Infinix;Hot 11s 128GB;205;6;8MP;50MP;MediaTek Helio G88;5;6.78 inches;189;699;2021
Infinix;Smart HD 32GB;195;2;5MP;8MP;MediaTek Helio A20;5;6.1 inches;79;299;2020
Infinix;Note 8i 128GB;210;6;8MP;48MP;MediaTek Helio G80;5,2;6.78 inches;199;749;2020
Infinix;Hot 10 Lite 64GB;195;3;8MP;13MP;MediaTek Helio A25;5;6.6 inches;109;399;2020
Infinix;Note 8 128GB;210;6;16MP;64MP;MediaTek Helio G80;5,2;6.95 inches;229;899;2020
Infinix;Zero 8i 128GB;210;8;16MP;48MP;MediaTek Helio G90T;4,5;6.85 inches;249;999;2020
Infinix;Hot 10 128GB;204;4;8MP;16MP;MediaTek Helio G70;5,2;6.78 inches;159;599;2020
Infinix;Zero 8 128GB;205;8;48MP;64MP;MediaTek Helio G90T;4,5;6.85 inches;279;1,099;2020
Infinix;Smart 5 64GB;195;3;8MP;13MP;MediaTek Helio A20;5;6.6 inches;99;349;2020
Honor;9X Lite;175;4;8MP;48MP;Kirin 710F;3,75;6.5 inches;219;799;2020
Honor;30;185;8;32MP;40MP;Kirin 985 5G;4;6.53 inches;449;1,599;2020
Honor;30 Pro;190;8;32MP;50MP;Kirin 990 5G;4;6.57 inches;599;2,199;2020
Honor;30 Pro+;192;12;32MP;50MP;Kirin 990 5G;4;6.57 inches;699;2,599;2020
Honor;30S;190;6;16MP;64MP;Kirin 820 5G;4;6.5 inches;349;1,299;2020
Honor;X10;203;6;16MP;40MP;Kirin 820 5G;4,3;6.63 inches;319;1,149;2020
Honor;X10 Max;227;8;8MP;48MP;MediaTek Dimensity 800;5;7.09 inches;379;1,399;2020
Honor;Play 4;213;6;16MP;64MP;MediaTek Dimensity 800;4,3;6.81 inches;349;1,249;2020
Honor;Play 4 Pro;213;8;32MP;40MP;Kirin 990 5G;4,2;6.57 inches;549;1,999;2020
Honor;10X Lite;206;4;8MP;48MP;Kirin 710A;5;6.67 inches;229;849;2020
Honor;V40;189;8;16MP;50MP;MediaTek Dimensity 1000+;4;6.72 inches;599;2,199;2021
Honor;50;175;8;32MP;108MP;Qualcomm Snapdragon 778G;4,3;6.57 inches;549;2,049;2021
Honor;50 Pro;187;8;32MP;108MP;Qualcomm Snapdragon 778G;4;6.72 inches;649;2,499;2021
Honor;50 SE;191;8;16MP;108MP;MediaTek Dimensity 900;4;6.78 inches;449;1,699;2021
Honor;X20;192;6;16MP;64MP;MediaTek Dimensity 900;4,3;6.67 inches;379;1,399;2021
Honor;X20 SE;179;6;16MP;64MP;MediaTek Dimensity 700;4;6.6 inches;299;1,199;2021
Honor;Play 5;179;8;16MP;64MP;MediaTek Dimensity 800U;3,8;6.53 inches;319;1,149;2021
Honor;Play 5T;191;6;8MP;13MP;Unisoc T610;5;6.5 inches;219;799;2021
Honor;Magic3;202;8;13MP;50MP;Qualcomm Snapdragon 888;4,6;6.76 inches;899;3,299;2021
Honor;Magic3 Pro;213;8;13MP;50MP;Qualcomm Snapdragon 888+;4,6;6.76 inches;1,099;3,999;2021
Honor;Magic3 Pro+;236;12;13MP;50MP;Qualcomm Snapdragon 888+;4,6;6.76 inches;1,299;4,599;2021
Honor;60;179;8;32MP;108MP;Qualcomm Snapdragon 778G;4,8;6.67 inches;549;2,049;2021
Honor;60 Pro;192;8;50MP;108MP;Qualcomm Snapdragon 778G+;4,8;6.78 inches;649;2,599;2021
Honor;60 SE;191;8;16MP;64MP;MediaTek Dimensity 900;4,3;6.67 inches;449;1,699;2021
Honor;X30;189;6;16MP;48MP;Qualcomm Snapdragon 695;4,8;6.81 inches;379;1,299;2021
Honor;X30i;175;6;16MP;48MP;MediaTek Dimensity 810;4;6.7 inches;299;1,099;2021
Honor;X30 Max;228;8;8MP;64MP;MediaTek Dimensity 900;5;7.09 inches;499;1,899;2021
Honor;Play 6;190;6;5MP;13MP;MediaTek MT6762G Helio G25;5;6.52 inches;179;699;2022
Honor;Play 6T;198;6;5MP;13MP;MediaTek Dimensity 700;5;6.74 inches;229;799;2022
Honor;Magic4;199;8;12MP;50MP;Qualcomm Snapdragon 8 Gen 1;4,8;6.81 inches;899;3,299;2022
Honor;Magic4 Pro;215;8;12MP;50MP;Qualcomm Snapdragon 8 Gen 1;4,6;6.81 inches;1,099;3,999;2022
Honor;Magic4 Ultimate;242;12;12MP;50MP;Qualcomm Snapdragon 8 Gen 1;4,6;6.81 inches;1,299;4,599;2022
Honor;Magic V;288;12;42MP;50MP;Qualcomm Snapdragon 8 Gen 1;4,75;7.9 inches;1,799;6,599;2022
Honor;70;178;8;32MP;54MP;Qualcomm Snapdragon 778G+;4,8;6.67 inches;549;2,099;2022
Honor;70 Pro;192;8;50MP;54MP;MediaTek Dimensity 8000;4,5;6.78 inches;699;2,699;2022
Honor;70 Pro+;209;12;50MP;54MP;MediaTek Dimensity 9000;4,5;6.78 inches;799;3,199;2022
Honor;X40;172;6;8MP;50MP;Qualcomm Snapdragon 695;5,1;6.67 inches;299;1,099;2022
Honor;X40i;175;6;8MP;50MP;MediaTek Dimensity 700;4;6.7 inches;279;999;2022
Honor;Play 7;196;4;5MP;13MP;MediaTek Helio G37;5,2;6.74 inches;159;599;2023
Honor;Play 7T;199;6;5MP;13MP;MediaTek Dimensity 6020;5,2;6.74 inches;199;749;2023
Honor;Magic5;204;8;12MP;50MP;Qualcomm Snapdragon 8 Gen 2;5,1;6.81 inches;999;3,599;2023
Honor;Magic5 Pro;219;12;12MP;50MP;Qualcomm Snapdragon 8 Gen 2;5,1;6.81 inches;1,199;4,399;2023
Honor;Magic5 Ultimate;234;16;12MP;50MP;Qualcomm Snapdragon 8 Gen 2;5,45;6.81 inches;1,399;5,199;2023
Honor;Magic Vs;267;12;16MP;50MP;Qualcomm Snapdragon 8+ Gen 1;5;7.9 inches;1,699;6,199;2023
Honor;80;180;8;32MP;160MP;Qualcomm Snapdragon 782G;4,8;6.67 inches;549;2,099;2022
Honor;80 Pro;193;12;50MP;160MP;Qualcomm Snapdragon 8+ Gen 1;4,8;6.78 inches;799;3,099;2022
Honor;80 SE;175;8;32MP;64MP;MediaTek Dimensity 900;4,6;6.67 inches;399;1,599;2022
Honor;X50;185;6;8MP;108MP;Qualcomm Snapdragon 6 Gen 1;5,8;6.78 inches;299;1,099;2023
Honor;X50i;179;6;8MP;100MP;MediaTek Dimensity 6020;4,5;6.7 inches;249;899;2023
Honor;Play 8;191;4;5MP;13MP;MediaTek Helio G36;5;6.52 inches;149;549;2023
Honor;Play 8T;195;6;5MP;50MP;MediaTek Dimensity 6100+;5,2;6.74 inches;189;699;2023
Honor;Magic6;203;8;12MP;50MP;Qualcomm Snapdragon 8 Gen 3;5,2;6.81 inches;1,099;3,999;2024
Honor;Magic6 Pro;219;12;12MP;50MP;Qualcomm Snapdragon 8 Gen 3;5,5;6.81 inches;1,299;4,699;2024
Honor;Magic6 Ultimate;234;16;12MP;50MP;Qualcomm Snapdragon 8 Gen 3;5,55;6.81 inches;1,499;5,499;2024
Honor;Magic V2;231;12;16MP;50MP;Qualcomm Snapdragon 8 Gen 2;5;7.92 inches;1,899;6,999;2024
Honor;90;183;12;50MP;200MP;Qualcomm Snapdragon 7 Gen 1;5;6.7 inches;599;2,199;2023
Honor;90 Pro;192;12;50MP;200MP;Qualcomm Snapdragon 8+ Gen 1;5;6.78 inches;699;2,799;2023
Honor;90 SE;175;8;32MP;64MP;MediaTek Dimensity 900;4,6;6.67 inches;399;1,599;2023
Honor;X60;185;6;8MP;108MP;Qualcomm Snapdragon 6 Gen 1;5,8;6.78 inches;299;1,099;2023
Honor;X60i;179;6;8MP;100MP;MediaTek Dimensity 6020;4,5;6.7 inches;249;899;2023
Honor;Play 9;191;4;5MP;13MP;MediaTek Helio G36;5;6.52 inches;149;549;2023
Honor;Play 9T;195;6;5MP;50MP;MediaTek Dimensity 6100+;5,2;6.74 inches;189;699;2023
Honor;Magic7;203;8;12MP;50MP;Qualcomm Snapdragon 8 Gen 3;5,2;6.81 inches;1,099;3,999;2024
Honor;Magic7 Pro;219;12;12MP;50MP;Qualcomm Snapdragon 8 Gen 3;5,5;6.81 inches;1,299;4,699;2024
Honor;Magic7 Ultimate;234;16;12MP;50MP;Qualcomm Snapdragon 8 Gen 3;5,55;6.81 inches;1,499;5,499;2024
Honor;Magic V3;231;12;16MP;50MP;Qualcomm Snapdragon 8 Gen 2;5;7.92 inches;1,899;6,999;2024
Honor;Pad 6;460;4;2MP;5MP;Qualcomm Snapdragon 662;5,1;10.1 inches;199;749;2020
Honor;Pad X6;460;3;2MP;5MP;MediaTek MT8768T;5,1;9.7 inches;159;599;2020
Honor;Pad 7;460;4;2MP;5MP;MediaTek Helio G80;5,1;10.1 inches;229;849;2021
Honor;Tablet V7;480;6;8MP;13MP;MediaTek Dimensity 800;7,25;10.4 inches;399;1,499;2021
Honor;Tablet V7 Pro;485;8;8MP;13MP;MediaTek Dimensity 1300T;7,25;11.0 inches;499;1,799;2021
Honor;Pad 8;520;6;5MP;5MP;Qualcomm Snapdragon 680;7,25;12.0 inches;299;1,099;2022
Honor;Pad X8;460;4;2MP;5MP;MediaTek Helio G80;5,1;10.1 inches;189;699;2022
Honor;Pad X8 Lite;450;3;2MP;5MP;MediaTek MT8786;5;9.7 inches;149;549;2022
Honor;Pad V8;510;6;5MP;13MP;MediaTek Dimensity 8020;7,25;11.0 inches;449;1,599;2023
Honor;Pad V8 Pro;530;8;8MP;13MP;MediaTek Dimensity 9000;8,5;12.1 inches;649;2,299;2023
Honor;Pad 9;550;8;8MP;13MP;Qualcomm Snapdragon 6 Gen 1;8,3;12.1 inches;399;1,499;2024
Honor;Pad 9 Pro;560;12;8MP;13MP;MediaTek Dimensity 8100;9;12.6 inches;499;1,799;2024
Honor;Pad X9;495;6;5MP;8MP;Qualcomm Snapdragon 685;7,25;11.5 inches;299;1,099;2023
Honor;Pad X8 Pro;460;4;2MP;5MP;MediaTek Helio G80;5,1;10.1 inches;189;699;2023
Honor;MagicPad 13;590;12;8MP;13MP;Qualcomm Snapdragon 8+ Gen 1;10;13.0 inches;799;2,999;2023
Honor;MagicPad 2;580;16;12MP;16MP;Qualcomm Snapdragon 8 Gen 2;10,5;13.2 inches;899;3,299;2024
Honor;Pad X8a;450;4;2MP;5MP;MediaTek MT8786;5;9.7 inches;149;549;2023
Honor;Pad X8a Kids Edition;460;3;2MP;5MP;MediaTek MT8786;5,1;9.7 inches;129;499;2023
Honor;Pad X9 Pro;505;8;8MP;13MP;Qualcomm Snapdragon 7s Gen 2;8;11.6 inches;399;1,499;2024
Honor;Pad V9;530;8;8MP;13MP;MediaTek Dimensity 9000;8,5;12.1 inches;649;2,299;2024
Honor;Pad GT Pro;610;12;12MP;16MP;Qualcomm Snapdragon 8 Gen 3;10,5;13.5 inches;999;3,799;2024
Honor;Pad X10;475;6;5MP;8MP;Qualcomm Snapdragon 685;8,85;12.1 inches;399;1,499;2024
Honor;Pad X10 Pro;485;8;8MP;13MP;Qualcomm Snapdragon 7s Gen 2;9;12.6 inches;499;1,799;2024
Honor;MagicPad 3;590;12;12MP;16MP;Qualcomm Snapdragon 8 Gen 3;10,5;13.0 inches;799;2,999;2024
Honor;Pad V10;530;8;8MP;13MP;MediaTek Dimensity 9000;8,5;12.1 inches;649;2,299;2024
POCO;F2 Pro 128GB;219;6;20MP;64MP;Snapdragon 865;4700;6.67 inches;499;1,999;2020
POCO;M2 Pro 64GB;209;4;16MP;48MP;Snapdragon 720G;5000;6.67 inches;199;799;2020
POCO;X3 NFC 128GB;215;6;20MP;64MP;Snapdragon 732G;5160;6.67 inches;229;899;2020
POCO;M3 64GB;198;4;8MP;48MP;Snapdragon 662;6000;6.53 inches;149;599;2020
POCO;F3 128GB;196;6;20MP;48MP;Snapdragon 870;4520;6.67 inches;349;1,399;2021
POCO;X3 Pro 128GB;215;6;20MP;48MP;Snapdragon 860;5160;6.67 inches;249;999;2021
POCO;M3 Pro 5G 64GB;190;4;8MP;48MP;MediaTek Dimensity 700;5000;6.5 inches;199;799;2021
POCO;F3 GT 128GB;205;6;16MP;64MP;MediaTek Dimensity 1200;5065;6.67 inches;399;1,499;2021
POCO;X3 GT 128GB;193;6;16MP;64MP;MediaTek Dimensity 1100;5000;6.6 inches;279;1,099;2021
POCO;M4 Pro 5G 128GB;195;4;16MP;50MP;MediaTek Dimensity 810;5000;6.6 inches;219;849;2021
POCO;F4 128GB;195;6;20MP;64MP;Snapdragon 870;4500;6.67 inches;349;1,399;2022
POCO;F4 GT 128GB;210;8;20MP;64MP;Snapdragon 8 Gen 1;4700;6.67 inches;499;1,999;2022
POCO;X4 Pro 5G 128GB;205;6;16MP;108MP;Snapdragon 695;5000;6.67 inches;299;1,199;2022
POCO;M4 Pro 128GB;179;6;16MP;64MP;MediaTek Helio G96;5000;6.43 inches;219;849;2022
POCO;M5 128GB;201;4;5MP;50MP;MediaTek Helio G99;5000;6.58 inches;199;799;2022
POCO;M5s 128GB;178.8;4;13MP;64MP;MediaTek Helio G95;5000;6.43 inches;229;899;2022
POCO;F5 128GB;181;6;16MP;64MP;Snapdragon 7+ Gen 2;5000;6.67 inches;349;1,299;2023
POCO;F5 Pro 256GB;204;8;20MP;64MP;Snapdragon 8+ Gen 1;5160;6.67 inches;499;1,899;2023
POCO;X5 128GB;189;6;13MP;48MP;Snapdragon 695;5000;6.67 inches;279;1,099;2023
POCO;X5 Pro 128GB;181;6;16MP;108MP;Snapdragon 778G;5000;6.67 inches;329;1,199;2023
POCO;M6 64GB;199;4;8MP;50MP;MediaTek Helio G88;5000;6.58 inches;199;799;2023
POCO;M6 Pro 128GB;202;6;8MP;50MP;Snapdragon 4 Gen 1;5000;6.79 inches;219;849;2023
POCO;X6 128GB;193;6;16MP;64MP;MediaTek Dimensity 8100;5000;6.67 inches;349;1,299;2024
POCO;X6 Pro 256GB;205;8;20MP;108MP;MediaTek Dimensity 8300;5000;6.67 inches;399;1,499;2024
POCO;F6 128GB;190;6;20MP;64MP;Snapdragon 8 Gen 2;5000;6.67 inches;449;1,699;2024
POCO;F6 Pro 256GB;210;8;20MP;108MP;Snapdragon 8+ Gen 2;5160;6.67 inches;549;1,999;2024
POCO;C65 64GB;190;4;5MP;50MP;MediaTek Helio G85;5000;6.5 inches;149;599;2024
POCO;X7 128GB;195;6;16MP;64MP;MediaTek Dimensity 8200;5000;6.67 inches;329;1,199;2025
POCO;X7 Pro 256GB;207;8;20MP;108MP;MediaTek Dimensity 8400;6000;6.67 inches;399;1,499;2025
POCO;M7 5G 128GB;198;6;8MP;50MP;MediaTek Dimensity 7025;5110;6.67 inches;229;899;2024
Poco;Pad 5G 128GB;571;8;8MP;8MP;Snapdragon 7s Gen 2;10;12.1 inches;280;1,029;2024
Poco;Pad 5G 256GB;571;8;8MP;8MP;Snapdragon 7s Gen 2;10;12.1 inches;300;1,099;2024
Samsung;Galaxy Z Fold6 256GB;239;12;10MP, 4MP (UDC);50MP;Snapdragon 8 Gen 3;4400;7.6 inches;1,899;7,199;2024
Samsung;Galaxy Z Fold6 512GB;239;12;10MP, 4MP (UDC);50MP;Snapdragon 8 Gen 3;4400;7.6 inches;1719;7,699;2024
Samsung;Galaxy Z Fold6 1TB;239;12;10MP, 4MP (UDC);50MP;Snapdragon 8 Gen 3;4400;7.6 inches;2,259;8,699;2024
